QYEAR,NEWID,SEQNO,ALCNO,REC_ORIG,CLOTHYD,CLOTHYD_,CLSVGFTC,CLSV_FTC,CLOTHMOD,CLOT_MOD,CLSRVCX,CLSRVCX_,CLOTHD1,CLOTHD1_,CLOTHD2,CLOTHD2_,CLOTHD3,CLOTHD3_,CLOTHD4,CLOTHD4_,CLOTHD5,CLOTHD5_,CLOTHD6,CLOTHD6_,CLOTHD7,CLOTHD7_,CLOTHD8,CLOTHD8_,CLOTHD9,CLOTHD9_
20202,04214874,5,0,1,470,D,1,D,03,D,50,D,,A,,A,,A,,A,,A,,A,,A,,A,,A
20202,04215084,3,0,1,470,D,1,D,01,D,300,D,,A,,A,,A,,A,,A,,A,,A,,A,,A
20202,04215374,14,0,1,450,D,1,D,03,D,40,D,,A,,A,,A,,A,,A,,A,,A,,A,,A
20202,04216814,1,0,1,470,D,1,D,02,D,10,D,,A,,A,,A,,A,,A,,A,,A,,A,,A
20202,04217594,1,0,1,470,D,1,D,02,D,8,D,,A,,A,,A,,A,,A,,A,,A,,A,,A
20202,04217694,2,0,1,460,D,1,D,02,D,15,D,,A,,A,,A,,A,,A,,A,,A,,A,,A
20202,04218614,13,0,1,470,D,1,D,01,D,65,D,,A,,A,,A,,A,,A,,A,,A,,A,,A
20202,04218644,6,0,1,470,D,1,D,02,D,3,D,,A,,A,,A,,A,,A,,A,,A,,A,,A
20202,04218664,3,0,1,450,D,1,D,01,D,20,D,,A,,A,,A,,A,,A,,A,,A,,A,,A
20202,04219584,3,0,1,450,D,1,D,02,D,40,D,,A,,A,,A,,A,,A,,A,,A,,A,,A
20202,04219924,3,0,1,450,D,1,D,03,D,59,D,,A,,A,,A,,A,,A,,A,,A,,A,,A
20202,04220864,1,0,1,450,D,1,D,01,D,40,D,,A,,A,,A,,A,,A,,A,,A,,A,,A
20202,04223044,7,0,1,460,D,1,D,02,D,30,D,,A,,A,,A,,A,,A,,A,,A,,A,,A
20202,04224084,7,0,2,450,D,1,D,01,D,56,D,,A,,A,,A,,A,,A,,A,,A,,A,,A
20202,04224114,3,0,1,450,D,1,D,03,D,8,D,,A,,A,,A,,A,,A,,A,,A,,A,,A
20202,04225124,1,0,1,450,D,1,D,01,D,30,D,,A,,A,,A,,A,,A,,A,,A,,A,,A
20202,04226214,17,0,1,450,D,1,D,02,D,65,D,,A,,A,,A,,A,,A,,A,,A,,A,,A
20202,04227334,14,0,1,450,D,1,D,04,D,5,D,,A,,A,,A,,A,,A,,A,,A,,A,,A
20202,04227944,4,0,1,470,D,1,D,04,D,95,D,,A,,A,,A,,A,,A,,A,,A,,A,,A
20202,04228094,4,0,1,490,D,1,D,02,D,160,D,,A,,A,,A,,A,,A,,A,,A,,A,,A
20202,04228094,5,0,1,490,D,1,D,03,D,160,D,,A,,A,,A,,A,,A,,A,,A,,A,,A
20202,04228094,6,0,1,490,D,1,D,04,D,160,D,,A,,A,,A,,A,,A,,A,,A,,A,,A
20202,04228094,7,0,2,490,D,1,D,02,D,160,D,,A,,A,,A,,A,,A,,A,,A,,A,,A
20202,04229644,4,0,1,460,D,1,D,03,D,5,D,,A,,A,,A,,A,,A,,A,,A,,A,,A
20202,04230274,8,0,1,450,D,1,D,02,D,15,D,,A,,A,,A,,A,,A,,A,,A,,A,,A
20202,04230794,3,0,1,450,D,1,D,04,D,20,D,,A,,A,,A,,A,,A,,A,,A,,A,,A
20202,04233404,1,0,1,470,D,1,D,02,D,110,D,,A,,A,,A,,A,,A,,A,,A,,A,,A
20202,04235094,8,0,1,450,D,1,D,03,D,30,D,,A,,A,,A,,A,,A,,A,,A,,A,,A
20202,04235094,9,0,1,460,D,1,D,03,D,45,D,,A,,A,,A,,A,,A,,A,,A,,A,,A
20202,04235094,10,0,2,460,D,1,D,02,D,65,D,,A,,A,,A,,A,,A,,A,,A,,A,,A
20202,04235384,5,0,1,450,D,1,D,02,D,16,D,,A,,A,,A,,A,,A,,A,,A,,A,,A
20202,04236084,4,0,1,450,D,1,D,04,D,33,D,,A,,A,,A,,A,,A,,A,,A,,A,,A
20202,04238004,1,0,1,450,D,1,D,04,D,50,D,,A,,A,,A,,A,,A,,A,,A,,A,,A
20202,04238554,6,0,2,460,D,1,D,03,D,10,D,,A,,A,,A,,A,,A,,A,,A,,A,,A
20202,04238574,4,0,1,470,D,1,D,03,D,15,D,,A,,A,,A,,A,,A,,A,,A,,A,,A
20202,04238834,1,0,2,450,D,1,D,03,D,139,D,,A,,A,,A,,A,,A,,A,,A,,A,,A
20202,04239364,3,0,1,450,D,1,D,04,D,50,D,,A,,A,,A,,A,,A,,A,,A,,A,,A
20202,04239694,6,0,1,500,D,1,D,04,D,,H,500,D,450,D,,A,,A,,A,,A,,A,,A,,A
20202,04239694,6,1,1,470,D,1,D,04,D,6,E,,A,,A,,A,,A,,A,,A,,A,,A,,A
20202,04240474,3,0,1,470,D,1,D,03,D,275,D,,A,,A,,A,,A,,A,,A,,A,,A,,A
20202,04240584,7,0,1,450,D,1,D,05,D,83,D,,A,,A,,A,,A,,A,,A,,A,,A,,A
20202,04242774,1,0,2,470,D,1,D,03,D,5,D,,A,,A,,A,,A,,A,,A,,A,,A,,A
20202,04246234,4,0,1,470,D,1,D,04,D,5,D,,A,,A,,A,,A,,A,,A,,A,,A,,A
20202,04267103,4,0,1,470,D,1,D,02,D,40,D,,A,,A,,A,,A,,A,,A,,A,,A,,A
20202,04267593,2,0,1,470,D,1,D,02,D,130,D,,A,,A,,A,,A,,A,,A,,A,,A,,A
20202,04267793,4,0,1,450,D,1,D,02,D,70,D,,A,,A,,A,,A,,A,,A,,A,,A,,A
20202,04268013,2,0,1,470,D,1,D,01,D,5,D,,A,,A,,A,,A,,A,,A,,A,,A,,A
20202,04268013,3,0,1,470,D,1,D,02,D,5,D,,A,,A,,A,,A,,A,,A,,A,,A,,A
20202,04268013,4,0,1,470,D,1,D,03,D,5,D,,A,,A,,A,,A,,A,,A,,A,,A,,A
20202,04268443,1,0,1,490,D,1,D,01,D,122,D,,A,,A,,A,,A,,A,,A,,A,,A,,A
20202,04268443,2,0,1,490,D,1,D,02,D,122,D,,A,,A,,A,,A,,A,,A,,A,,A,,A
20202,04268443,3,0,1,490,D,1,D,03,D,122,D,,A,,A,,A,,A,,A,,A,,A,,A,,A
20202,04268723,1,0,1,470,D,1,D,02,D,82,D,,A,,A,,A,,A,,A,,A,,A,,A,,A
20202,04268723,2,0,2,450,D,1,D,01,D,9,D,,A,,A,,A,,A,,A,,A,,A,,A,,A
20202,04269483,3,0,1,470,D,1,D,02,D,230,D,,A,,A,,A,,A,,A,,A,,A,,A,,A
20202,04269483,4,0,2,470,D,1,D,01,D,30,D,,A,,A,,A,,A,,A,,A,,A,,A,,A
20202,04269983,1,0,1,480,D,1,D,01,D,20,D,,A,,A,,A,,A,,A,,A,,A,,A,,A
20202,04270233,12,0,1,450,D,1,D,01,D,125,D,,A,,A,,A,,A,,A,,A,,A,,A,,A
20202,04270253,4,0,1,480,D,1,D,02,D,155,D,,A,,A,,A,,A,,A,,A,,A,,A,,A
20202,04270583,1,0,1,460,D,1,D,02,D,30,D,,A,,A,,A,,A,,A,,A,,A,,A,,A
20202,04270583,2,0,1,450,D,1,D,02,D,72,D,,A,,A,,A,,A,,A,,A,,A,,A,,A
20202,04270893,3,0,2,470,D,1,D,01,D,16,D,,A,,A,,A,,A,,A,,A,,A,,A,,A
20202,04271423,9,0,1,450,D,1,D,01,D,40,D,,A,,A,,A,,A,,A,,A,,A,,A,,A
20202,04271873,8,0,1,450,D,1,D,03,D,5,D,,A,,A,,A,,A,,A,,A,,A,,A,,A
20202,04272033,6,0,1,450,D,1,D,01,D,100,D,,A,,A,,A,,A,,A,,A,,A,,A,,A
20202,04272593,4,0,2,470,D,1,D,01,D,70,D,,A,,A,,A,,A,,A,,A,,A,,A,,A
20202,04273123,2,0,1,450,D,1,D,03,D,15,D,,A,,A,,A,,A,,A,,A,,A,,A,,A
20202,04273993,11,0,2,450,D,1,D,01,D,45,D,,A,,A,,A,,A,,A,,A,,A,,A,,A
20202,04275183,3,0,1,470,D,1,D,01,D,280,D,,A,,A,,A,,A,,A,,A,,A,,A,,A
20202,04276013,3,0,2,490,D,1,D,01,D,90,D,,A,,A,,A,,A,,A,,A,,A,,A,,A
20202,04276273,5,0,1,460,D,1,D,03,D,30,D,,A,,A,,A,,A,,A,,A,,A,,A,,A
20202,04277083,5,0,1,460,D,1,D,02,D,20,D,,A,,A,,A,,A,,A,,A,,A,,A,,A
20202,04277723,2,0,2,460,D,1,D,01,D,33,D,,A,,A,,A,,A,,A,,A,,A,,A,,A
20202,04279393,8,0,1,460,D,1,D,03,D,25,D,,A,,A,,A,,A,,A,,A,,A,,A,,A
20202,04279563,8,0,2,450,D,1,D,02,D,24,D,,A,,A,,A,,A,,A,,A,,A,,A,,A
20202,04281073,4,0,1,470,D,1,D,02,D,10,D,,A,,A,,A,,A,,A,,A,,A,,A,,A
20202,04283843,1,0,1,460,D,1,D,02,D,65,D,,A,,A,,A,,A,,A,,A,,A,,A,,A
20202,04284823,1,0,1,450,D,1,D,04,D,52,D,,A,,A,,A,,A,,A,,A,,A,,A,,A
20202,04285894,4,0,1,470,D,1,D,03,D,25,D,,A,,A,,A,,A,,A,,A,,A,,A,,A
20202,04287063,3,0,1,460,D,1,D,02,D,17,D,,A,,A,,A,,A,,A,,A,,A,,A,,A
20202,04287503,1,0,2,480,D,1,D,02,D,150,D,,A,,A,,A,,A,,A,,A,,A,,A,,A
20202,04289053,2,0,1,450,D,1,D,04,D,20,D,,A,,A,,A,,A,,A,,A,,A,,A,,A
20202,04291723,5,0,1,470,D,1,D,05,D,107,D,,A,,A,,A,,A,,A,,A,,A,,A,,A
20202,04294103,3,0,1,450,D,1,D,05,D,25,D,,A,,A,,A,,A,,A,,A,,A,,A,,A
20202,04294683,4,0,1,450,D,1,D,05,D,200,D,,A,,A,,A,,A,,A,,A,,A,,A,,A
20202,04296503,6,0,1,470,D,1,D,05,D,400,D,,A,,A,,A,,A,,A,,A,,A,,A,,A
20202,04310862,5,0,1,470,D,1,D,01,D,20,D,,A,,A,,A,,A,,A,,A,,A,,A,,A
20202,04311422,4,0,1,460,D,1,D,02,D,23,D,,A,,A,,A,,A,,A,,A,,A,,A,,A
20202,04311542,2,0,1,470,D,1,D,02,D,10,D,,A,,A,,A,,A,,A,,A,,A,,A,,A
20202,04312262,1,0,1,470,D,1,D,02,D,14,D,,A,,A,,A,,A,,A,,A,,A,,A,,A
20202,04313582,1,0,1,460,D,1,D,02,D,50,D,,A,,A,,A,,A,,A,,A,,A,,A,,A
20202,04314392,5,0,1,450,D,1,D,02,D,50,D,,A,,A,,A,,A,,A,,A,,A,,A,,A
20202,04314622,1,0,1,450,D,1,D,03,D,75,D,,A,,A,,A,,A,,A,,A,,A,,A,,A
20202,04314992,2,0,1,450,D,1,D,03,D,22,D,,A,,A,,A,,A,,A,,A,,A,,A,,A
20202,04315302,5,0,1,450,D,1,D,02,D,17,D,,A,,A,,A,,A,,A,,A,,A,,A,,A
20202,04316062,3,0,1,450,D,1,D,03,D,75,D,,A,,A,,A,,A,,A,,A,,A,,A,,A
20202,04316512,17,0,1,470,D,1,D,01,D,35,D,,A,,A,,A,,A,,A,,A,,A,,A,,A
20202,04316792,3,0,1,470,D,1,D,02,D,8,D,,A,,A,,A,,A,,A,,A,,A,,A,,A
20202,04316822,5,0,1,470,D,1,D,01,D,100,D,,A,,A,,A,,A,,A,,A,,A,,A,,A
20202,04317322,3,0,1,470,D,1,D,02,D,12,D,,A,,A,,A,,A,,A,,A,,A,,A,,A
20202,04318112,5,0,1,460,D,1,D,03,D,35,D,,A,,A,,A,,A,,A,,A,,A,,A,,A
20202,04320012,5,0,2,460,D,1,D,01,D,10,D,,A,,A,,A,,A,,A,,A,,A,,A,,A
20202,04321432,6,0,1,450,D,1,D,02,D,10,D,,A,,A,,A,,A,,A,,A,,A,,A,,A
20202,04321782,4,0,1,490,D,1,D,02,D,110,D,,A,,A,,A,,A,,A,,A,,A,,A,,A
20202,04321782,5,0,1,490,D,1,D,03,D,110,D,,A,,A,,A,,A,,A,,A,,A,,A,,A
20202,04321782,6,0,1,490,D,1,D,04,D,110,D,,A,,A,,A,,A,,A,,A,,A,,A,,A
20202,04322472,16,0,1,450,D,1,D,02,D,70,D,,A,,A,,A,,A,,A,,A,,A,,A,,A
20202,04322472,17,0,1,450,D,1,D,03,D,109,D,,A,,A,,A,,A,,A,,A,,A,,A,,A
20202,04322472,18,0,1,450,D,1,D,04,D,50,D,,A,,A,,A,,A,,A,,A,,A,,A,,A
20202,04323112,7,0,1,470,D,1,D,03,D,60,D,,A,,A,,A,,A,,A,,A,,A,,A,,A
20202,04323912,11,0,2,460,D,1,D,02,D,85,D,,A,,A,,A,,A,,A,,A,,A,,A,,A
20202,04324022,10,0,2,450,D,1,D,02,D,20,D,,A,,A,,A,,A,,A,,A,,A,,A,,A
20202,04324032,4,0,1,460,D,1,D,04,D,100,D,,A,,A,,A,,A,,A,,A,,A,,A,,A
20202,04327882,8,0,2,450,D,1,D,02,D,30,D,,A,,A,,A,,A,,A,,A,,A,,A,,A
20202,04328302,1,0,1,460,D,1,D,02,D,50,D,,A,,A,,A,,A,,A,,A,,A,,A,,A
20202,04328902,10,0,2,450,D,1,D,02,D,33,D,,A,,A,,A,,A,,A,,A,,A,,A,,A
20202,04329272,1,0,1,450,D,1,D,03,D,20,D,,A,,A,,A,,A,,A,,A,,A,,A,,A
20202,04329962,11,0,1,470,D,1,D,04,D,100,F,,A,,A,,A,,A,,A,,A,,A,,A,,A
20202,04330672,5,0,1,460,D,1,D,04,D,30,D,,A,,A,,A,,A,,A,,A,,A,,A,,A
20202,04342482,3,0,1,470,D,1,D,04,D,130,D,,A,,A,,A,,A,,A,,A,,A,,A,,A
20202,04345852,11,0,1,450,D,1,D,05,D,75,D,,A,,A,,A,,A,,A,,A,,A,,A,,A
20202,04345852,12,0,2,480,D,1,D,03,D,210,D,,A,,A,,A,,A,,A,,A,,A,,A,,A
20202,04346592,3,0,2,450,D,1,D,03,D,12,D,,A,,A,,A,,A,,A,,A,,A,,A,,A
20202,04347072,1,0,1,470,D,1,D,04,D,10,D,,A,,A,,A,,A,,A,,A,,A,,A,,A
20202,04348052,4,0,1,480,D,1,D,05,D,350,D,,A,,A,,A,,A,,A,,A,,A,,A,,A
20202,04348662,5,0,1,450,D,1,D,04,D,20,D,,A,,A,,A,,A,,A,,A,,A,,A,,A
20202,04348812,3,0,1,450,D,1,D,05,D,12,D,,A,,A,,A,,A,,A,,A,,A,,A,,A
20202,04349323,3,0,1,490,D,2,D,05,D,150,D,,A,,A,,A,,A,,A,,A,,A,,A,,A
20202,04349323,4,0,1,490,D,1,D,03,D,73,D,,A,,A,,A,,A,,A,,A,,A,,A,,A
20202,04350412,5,0,1,450,D,1,D,05,D,30,D,,A,,A,,A,,A,,A,,A,,A,,A,,A
20202,04378433,1,0,1,470,D,1,D,02,D,44,D,,A,,A,,A,,A,,A,,A,,A,,A,,A
20202,04379221,14,0,1,460,D,1,D,01,D,110,D,,A,,A,,A,,A,,A,,A,,A,,A,,A
20202,04380351,3,0,1,450,D,1,D,02,D,10,D,,A,,A,,A,,A,,A,,A,,A,,A,,A
20202,04380821,6,0,1,450,D,1,D,03,D,200,D,,A,,A,,A,,A,,A,,A,,A,,A,,A
20202,04381211,2,0,1,450,D,1,D,01,D,15,D,,A,,A,,A,,A,,A,,A,,A,,A,,A
20202,04381711,4,0,1,450,D,1,D,02,D,20,D,,A,,A,,A,,A,,A,,A,,A,,A,,A
20202,04382701,5,0,1,490,D,1,D,01,D,95,D,,A,,A,,A,,A,,A,,A,,A,,A,,A
20202,04382871,3,0,1,470,D,1,D,02,D,12,D,,A,,A,,A,,A,,A,,A,,A,,A,,A
20202,04384124,6,0,1,450,D,1,D,02,D,80,D,,A,,A,,A,,A,,A,,A,,A,,A,,A
20202,04384124,7,0,1,460,D,1,D,02,D,40,D,,A,,A,,A,,A,,A,,A,,A,,A,,A
20202,04384741,8,0,1,480,D,1,D,01,D,150,D,,A,,A,,A,,A,,A,,A,,A,,A,,A
20202,04384741,9,0,1,480,D,1,D,01,D,150,D,,A,,A,,A,,A,,A,,A,,A,,A,,A
20202,04384962,25,0,1,450,D,1,D,01,D,32,D,,A,,A,,A,,A,,A,,A,,A,,A,,A
20202,04385014,7,0,1,470,D,1,D,01,D,150,D,,A,,A,,A,,A,,A,,A,,A,,A,,A
20202,04385361,3,0,1,450,D,1,D,03,D,10,D,,A,,A,,A,,A,,A,,A,,A,,A,,A
20202,04386481,8,0,1,460,D,1,D,02,D,20,D,,A,,A,,A,,A,,A,,A,,A,,A,,A
20202,04386601,4,0,1,470,D,1,D,01,D,85,D,,A,,A,,A,,A,,A,,A,,A,,A,,A
20202,04386821,4,0,1,490,D,1,D,01,D,543,D,,A,,A,,A,,A,,A,,A,,A,,A,,A
20202,04388561,1,0,1,450,D,1,D,01,D,50,D,,A,,A,,A,,A,,A,,A,,A,,A,,A
20202,04389151,3,0,1,450,D,1,D,01,D,55,D,,A,,A,,A,,A,,A,,A,,A,,A,,A
20202,04392631,4,0,1,450,D,1,D,02,D,166,D,,A,,A,,A,,A,,A,,A,,A,,A,,A
20202,04393414,9,0,1,450,D,1,D,02,D,132,D,,A,,A,,A,,A,,A,,A,,A,,A,,A
20202,04393741,2,0,1,490,D,1,D,02,D,100,D,,A,,A,,A,,A,,A,,A,,A,,A,,A
20202,04394201,5,0,1,450,D,1,D,04,D,75,D,,A,,A,,A,,A,,A,,A,,A,,A,,A
20202,04394541,9,0,1,450,D,1,D,02,D,100,D,,A,,A,,A,,A,,A,,A,,A,,A,,A
20202,04395211,6,0,1,470,D,1,D,03,D,28,D,,A,,A,,A,,A,,A,,A,,A,,A,,A
20202,04395251,7,0,1,450,D,1,D,03,D,30,D,,A,,A,,A,,A,,A,,A,,A,,A,,A
20202,04398961,2,0,1,450,D,1,D,04,D,10,D,,A,,A,,A,,A,,A,,A,,A,,A,,A
20202,04399822,11,0,1,450,D,1,D,03,D,100,D,,A,,A,,A,,A,,A,,A,,A,,A,,A
20202,04405461,6,0,1,450,D,1,D,02,D,100,D,,A,,A,,A,,A,,A,,A,,A,,A,,A
20202,04406111,1,0,1,450,D,1,D,02,D,11,D,,A,,A,,A,,A,,A,,A,,A,,A,,A
20202,04407721,5,0,1,490,D,1,D,05,D,150,D,,A,,A,,A,,A,,A,,A,,A,,A,,A
20202,04408161,4,0,1,470,D,1,D,05,D,5,D,,A,,A,,A,,A,,A,,A,,A,,A,,A
20202,04409091,2,0,1,450,D,1,D,05,D,100,D,,A,,A,,A,,A,,A,,A,,A,,A,,A
20202,04412023,5,0,1,470,D,1,D,05,D,10,D,,A,,A,,A,,A,,A,,A,,A,,A,,A
20202,04414811,12,0,1,450,D,1,D,03,D,40,D,,A,,A,,A,,A,,A,,A,,A,,A,,A
20202,04414974,3,0,1,450,D,1,D,03,D,35,D,,A,,A,,A,,A,,A,,A,,A,,A,,A
20202,04418381,3,0,1,450,D,1,D,04,D,39,D,,A,,A,,A,,A,,A,,A,,A,,A,,A
20202,04418814,8,0,1,490,D,1,D,03,D,56,D,,A,,A,,A,,A,,A,,A,,A,,A,,A
20202,04418814,9,0,1,490,D,1,D,04,D,56,D,,A,,A,,A,,A,,A,,A,,A,,A,,A
20202,04418814,10,0,1,490,D,1,D,05,D,56,D,,A,,A,,A,,A,,A,,A,,A,,A,,A
20202,04419291,3,0,1,450,D,1,D,03,D,1000,D,,A,,A,,A,,A,,A,,A,,A,,A,,A
20202,04419742,3,0,1,470,D,1,D,05,D,50,D,,A,,A,,A,,A,,A,,A,,A,,A,,A
20202,04419751,6,0,1,450,D,2,D,05,D,548,D,,A,,A,,A,,A,,A,,A,,A,,A,,A
20203,04267104,5,0,1,470,D,1,D,05,D,35,D,,A,,A,,A,,A,,A,,A,,A,,A,,A
20203,04267594,3,0,1,470,D,1,D,04,D,119,D,,A,,A,,A,,A,,A,,A,,A,,A,,A
20203,04268014,6,0,1,470,D,1,D,04,D,5,D,,A,,A,,A,,A,,A,,A,,A,,A,,A
20203,04268014,7,0,1,470,D,1,D,05,D,5,D,,A,,A,,A,,A,,A,,A,,A,,A,,A
20203,04268014,8,0,1,470,D,1,D,06,D,5,D,,A,,A,,A,,A,,A,,A,,A,,A,,A
20203,04268014,9,0,1,450,D,1,D,06,D,5,D,,A,,A,,A,,A,,A,,A,,A,,A,,A
20203,04270324,23,0,1,460,D,1,D,05,D,75,D,,A,,A,,A,,A,,A,,A,,A,,A,,A
20203,04274294,8,0,1,460,D,1,D,06,D,40,D,,A,,A,,A,,A,,A,,A,,A,,A,,A
20203,04274894,6,0,1,460,D,1,D,06,D,30,D,,A,,A,,A,,A,,A,,A,,A,,A,,A
20203,04278604,4,0,1,480,D,1,D,07,D,230,D,,A,,A,,A,,A,,A,,A,,A,,A,,A
20203,04278914,2,0,1,470,D,1,D,07,D,7,D,,A,,A,,A,,A,,A,,A,,A,,A,,A
20203,04279064,2,0,1,480,D,1,D,07,D,175,D,,A,,A,,A,,A,,A,,A,,A,,A,,A
20203,04279694,8,0,1,470,D,1,D,07,D,50,D,,A,,A,,A,,A,,A,,A,,A,,A,,A
20203,04281274,3,0,1,450,D,1,D,06,D,25,D,,A,,A,,A,,A,,A,,A,,A,,A,,A
20203,04281524,12,0,1,450,D,1,D,06,D,520,D,,A,,A,,A,,A,,A,,A,,A,,A,,A
20203,04281534,4,0,1,450,D,1,D,05,D,30,D,,A,,A,,A,,A,,A,,A,,A,,A,,A
20203,04281534,555,0,1,450,D,1,D,06,D,30,D,,A,,A,,A,,A,,A,,A,,A,,A,,A
20203,04281534,556,0,1,450,D,1,D,07,D,30,D,,A,,A,,A,,A,,A,,A,,A,,A,,A
20203,04282764,2,0,1,470,D,1,D,05,D,5,F,,A,,A,,A,,A,,A,,A,,A,,A,,A
20203,04285664,7,0,1,460,D,1,D,05,D,15,D,,A,,A,,A,,A,,A,,A,,A,,A,,A
20203,04290084,12,0,1,450,D,1,D,07,D,50,D,,A,,A,,A,,A,,A,,A,,A,,A,,A
20203,04290574,6,0,1,470,D,1,D,06,D,75,D,,A,,A,,A,,A,,A,,A,,A,,A,,A
20203,04291354,1,0,1,470,D,1,D,08,D,6,D,,A,,A,,A,,A,,A,,A,,A,,A,,A
20203,04291434,8,0,1,470,D,1,D,08,D,17,D,,A,,A,,A,,A,,A,,A,,A,,A,,A
20203,04292264,5,0,1,450,D,1,D,07,D,20,D,,A,,A,,A,,A,,A,,A,,A,,A,,A
20203,04294774,4,0,1,450,D,1,D,08,D,40,D,,A,,A,,A,,A,,A,,A,,A,,A,,A
20203,04295664,4,0,1,450,D,1,D,06,D,52,D,,A,,A,,A,,A,,A,,A,,A,,A,,A
20203,04297694,2,0,1,450,D,1,D,08,D,14,D,,A,,A,,A,,A,,A,,A,,A,,A,,A
20203,04298824,1,0,1,450,D,1,D,08,D,30,D,,A,,A,,A,,A,,A,,A,,A,,A,,A
20203,04311423,3,0,1,460,D,1,D,04,D,25,D,,A,,A,,A,,A,,A,,A,,A,,A,,A
20203,04313613,4,0,1,450,D,1,D,05,D,29,D,,A,,A,,A,,A,,A,,A,,A,,A,,A
20203,04314083,7,0,1,450,D,1,D,06,D,50,D,,A,,A,,A,,A,,A,,A,,A,,A,,A
20203,04314403,2,0,1,450,D,1,D,05,D,120,D,,A,,A,,A,,A,,A,,A,,A,,A,,A
20203,04317153,1,0,1,470,D,1,D,04,D,20,D,,A,,A,,A,,A,,A,,A,,A,,A,,A
20203,04321813,2,0,1,470,D,1,D,06,D,55,D,,A,,A,,A,,A,,A,,A,,A,,A,,A
20203,04321943,2,0,1,470,D,1,D,07,D,10,D,,A,,A,,A,,A,,A,,A,,A,,A,,A
20203,04322553,3,0,1,470,D,1,D,07,D,10,D,,A,,A,,A,,A,,A,,A,,A,,A,,A
20203,04323253,2,0,1,470,D,1,D,06,D,75,D,,A,,A,,A,,A,,A,,A,,A,,A,,A
20203,04323423,5,0,1,450,D,1,D,05,D,70,D,,A,,A,,A,,A,,A,,A,,A,,A,,A
20203,04323423,6,0,1,450,D,1,D,06,D,70,D,,A,,A,,A,,A,,A,,A,,A,,A,,A
20203,04323423,7,0,1,450,D,1,D,07,D,70,D,,A,,A,,A,,A,,A,,A,,A,,A,,A
20203,04324023,3,0,1,470,D,1,D,07,D,16,D,,A,,A,,A,,A,,A,,A,,A,,A,,A
20203,04325993,7,0,1,460,D,1,D,06,D,18,D,,A,,A,,A,,A,,A,,A,,A,,A,,A
20203,04327043,3,0,1,450,D,1,D,06,D,75,D,,A,,A,,A,,A,,A,,A,,A,,A,,A
20203,04327813,4,0,1,450,D,1,D,07,D,89,D,,A,,A,,A,,A,,A,,A,,A,,A,,A
20203,04330173,2,0,1,470,D,1,D,07,D,8,D,,A,,A,,A,,A,,A,,A,,A,,A,,A
20203,04330403,6,0,1,470,D,1,D,07,D,9,D,,A,,A,,A,,A,,A,,A,,A,,A,,A
20203,04343573,4,0,1,450,D,1,D,06,D,50,D,,A,,A,,A,,A,,A,,A,,A,,A,,A
20203,04343713,1,0,2,460,D,1,D,06,D,90,D,,A,,A,,A,,A,,A,,A,,A,,A,,A
20203,04344933,7,0,1,460,D,1,D,07,D,25,D,,A,,A,,A,,A,,A,,A,,A,,A,,A
20203,04347243,2,0,1,450,D,1,D,07,D,53,D,,A,,A,,A,,A,,A,,A,,A,,A,,A
20203,04347323,4,0,1,450,D,1,D,08,D,15,D,,A,,A,,A,,A,,A,,A,,A,,A,,A
20203,04347463,8,0,1,450,D,1,D,06,D,85,D,,A,,A,,A,,A,,A,,A,,A,,A,,A
20203,04347553,8,0,1,450,D,1,D,08,D,40,D,,A,,A,,A,,A,,A,,A,,A,,A,,A
20203,04348663,4,0,1,450,D,1,D,06,D,40,D,,A,,A,,A,,A,,A,,A,,A,,A,,A
20203,04349393,10,0,1,450,D,1,D,07,D,10,D,,A,,A,,A,,A,,A,,A,,A,,A,,A
20203,04350383,9,0,1,460,D,1,D,06,D,35,D,,A,,A,,A,,A,,A,,A,,A,,A,,A
20203,04351803,1,0,1,450,D,1,D,08,D,20,D,,A,,A,,A,,A,,A,,A,,A,,A,,A
20203,04384612,6,0,1,450,D,1,D,05,D,120,D,,A,,A,,A,,A,,A,,A,,A,,A,,A
20203,04384902,2,0,1,470,D,1,D,05,D,40,D,,A,,A,,A,,A,,A,,A,,A,,A,,A
20203,04386822,5,0,1,490,D,1,D,04,D,181,D,,A,,A,,A,,A,,A,,A,,A,,A,,A
20203,04386822,555,0,1,490,D,1,D,05,D,181,D,,A,,A,,A,,A,,A,,A,,A,,A,,A
20203,04386822,556,0,1,490,D,1,D,06,D,181,D,,A,,A,,A,,A,,A,,A,,A,,A,,A
20203,04390073,5,0,1,450,D,1,D,06,D,50,D,,A,,A,,A,,A,,A,,A,,A,,A,,A
20203,04394202,3,0,2,450,D,1,D,05,D,75,D,,A,,A,,A,,A,,A,,A,,A,,A,,A
20203,04394572,5,0,1,470,D,1,D,07,D,10,D,,A,,A,,A,,A,,A,,A,,A,,A,,A
20203,04394622,1,0,1,450,D,1,D,07,D,28,D,,A,,A,,A,,A,,A,,A,,A,,A,,A
20203,04395112,7,0,1,450,D,1,D,07,D,425,D,,A,,A,,A,,A,,A,,A,,A,,A,,A
20203,04395762,1,0,1,450,D,1,D,07,D,34,D,,A,,A,,A,,A,,A,,A,,A,,A,,A
20203,04396082,2,0,1,450,D,1,D,06,D,100,D,,A,,A,,A,,A,,A,,A,,A,,A,,A
20203,04397462,4,0,1,470,D,1,D,05,D,10,D,,A,,A,,A,,A,,A,,A,,A,,A,,A
20203,04399222,7,0,1,460,D,1,D,07,D,15,D,,A,,A,,A,,A,,A,,A,,A,,A,,A
20203,04399952,5,0,1,450,D,1,D,07,D,22,D,,A,,A,,A,,A,,A,,A,,A,,A,,A
20203,04400042,2,0,2,460,D,1,D,05,D,40,D,,A,,A,,A,,A,,A,,A,,A,,A,,A
20203,04400052,5,0,1,460,D,1,D,07,D,12,D,,A,,A,,A,,A,,A,,A,,A,,A,,A
20203,04400092,7,0,1,470,D,1,D,07,D,12,D,,A,,A,,A,,A,,A,,A,,A,,A,,A
20203,04400882,9,0,1,470,D,1,D,07,D,60,D,,A,,A,,A,,A,,A,,A,,A,,A,,A
20203,04403272,9,0,1,450,D,1,D,07,D,20,D,,A,,A,,A,,A,,A,,A,,A,,A,,A
20203,04403732,6,0,1,450,D,1,D,05,D,70,D,,A,,A,,A,,A,,A,,A,,A,,A,,A
20203,04403732,7,0,1,480,D,1,D,05,D,225,D,,A,,A,,A,,A,,A,,A,,A,,A,,A
20203,04407262,26,0,2,450,D,1,D,06,D,214,D,,A,,A,,A,,A,,A,,A,,A,,A,,A
20203,04407462,15,0,1,470,D,1,D,08,D,25,D,,A,,A,,A,,A,,A,,A,,A,,A,,A
20203,04407952,10,0,1,450,D,1,D,07,D,20,D,,A,,A,,A,,A,,A,,A,,A,,A,,A
20203,04408162,10,0,1,470,D,1,D,07,D,10,D,,A,,A,,A,,A,,A,,A,,A,,A,,A
20203,04409092,3,0,1,470,D,1,D,06,D,50,D,,A,,A,,A,,A,,A,,A,,A,,A,,A
20203,04409092,4,0,2,470,D,1,D,06,D,70,D,,A,,A,,A,,A,,A,,A,,A,,A,,A
20203,04409302,2,0,1,450,D,1,D,07,D,20,D,,A,,A,,A,,A,,A,,A,,A,,A,,A
20203,04410522,4,0,1,450,D,1,D,08,D,35,D,,A,,A,,A,,A,,A,,A,,A,,A,,A
20203,04410522,5,0,1,480,D,1,D,08,D,150,D,,A,,A,,A,,A,,A,,A,,A,,A,,A
20203,04412112,5,0,1,460,D,1,D,06,D,136,D,,A,,A,,A,,A,,A,,A,,A,,A,,A
20203,04412302,3,0,1,450,D,1,D,07,D,20,D,,A,,A,,A,,A,,A,,A,,A,,A,,A
20203,04412702,2,0,1,450,D,1,D,06,D,45,D,,A,,A,,A,,A,,A,,A,,A,,A,,A
20203,04418272,4,0,1,460,D,1,D,08,D,20,D,,A,,A,,A,,A,,A,,A,,A,,A,,A
20203,04418272,5,0,2,460,D,1,D,06,D,20,D,,A,,A,,A,,A,,A,,A,,A,,A,,A
20203,04418792,5,0,1,470,D,1,D,08,D,95,D,,A,,A,,A,,A,,A,,A,,A,,A,,A
20203,04419282,5,0,1,470,D,1,D,08,D,286,D,,A,,A,,A,,A,,A,,A,,A,,A,,A
20203,04419694,2,0,1,460,D,1,D,06,D,10,D,,A,,A,,A,,A,,A,,A,,A,,A,,A
20203,04419962,4,0,1,450,D,1,D,07,D,43,D,,A,,A,,A,,A,,A,,A,,A,,A,,A
20203,04421331,17,0,1,450,D,1,D,05,D,85,D,,A,,A,,A,,A,,A,,A,,A,,A,,A
20203,04423041,5,0,1,450,D,1,D,06,D,10,D,,A,,A,,A,,A,,A,,A,,A,,A,,A
20203,04423671,4,0,1,450,D,1,D,06,D,12,D,,A,,A,,A,,A,,A,,A,,A,,A,,A
20203,04425214,5,0,1,470,D,1,D,04,D,25,D,,A,,A,,A,,A,,A,,A,,A,,A,,A
20203,04425861,10,0,1,470,D,1,D,05,D,120,D,,A,,A,,A,,A,,A,,A,,A,,A,,A
20203,04428031,5,0,1,470,D,1,D,06,D,10,D,,A,,A,,A,,A,,A,,A,,A,,A,,A
20203,04430681,3,0,1,460,D,1,D,04,D,60,D,,A,,A,,A,,A,,A,,A,,A,,A,,A
20203,04464561,5,0,1,460,D,1,D,05,D,5,D,,A,,A,,A,,A,,A,,A,,A,,A,,A
20203,04465821,12,0,1,450,D,1,D,07,D,45,D,,A,,A,,A,,A,,A,,A,,A,,A,,A
20203,04466321,1,0,1,470,D,1,D,07,D,8,D,,A,,A,,A,,A,,A,,A,,A,,A,,A
20203,04468161,2,0,1,470,D,1,D,06,D,20,D,,A,,A,,A,,A,,A,,A,,A,,A,,A
20203,04470531,4,0,1,450,D,1,D,05,D,40,D,,A,,A,,A,,A,,A,,A,,A,,A,,A
20203,04471851,5,0,1,460,D,1,D,07,D,1,D,,A,,A,,A,,A,,A,,A,,A,,A,,A
20203,04503981,3,0,1,470,D,1,D,08,D,2000,D,,A,,A,,A,,A,,A,,A,,A,,A,,A
20203,04504281,5,0,1,470,D,1,D,08,D,50,D,,A,,A,,A,,A,,A,,A,,A,,A,,A
20203,04507291,17,0,1,450,D,1,D,08,D,30,D,,A,,A,,A,,A,,A,,A,,A,,A,,A
20203,04507381,16,0,1,470,D,1,D,08,D,21,D,,A,,A,,A,,A,,A,,A,,A,,A,,A
20203,04507901,3,0,1,470,D,1,D,06,D,100,D,,A,,A,,A,,A,,A,,A,,A,,A,,A
20203,04509421,3,0,1,470,D,1,D,06,D,150,D,,A,,A,,A,,A,,A,,A,,A,,A,,A
20203,04509791,5,0,1,450,D,1,D,08,D,85,D,,A,,A,,A,,A,,A,,A,,A,,A,,A
20203,04510111,1,0,1,460,D,1,D,08,D,34,D,,A,,A,,A,,A,,A,,A,,A,,A,,A
20203,04510321,1,0,1,470,D,1,D,08,D,245,D,,A,,A,,A,,A,,A,,A,,A,,A,,A
20203,04510721,4,0,1,470,D,1,D,06,D,150,D,,A,,A,,A,,A,,A,,A,,A,,A,,A
20203,04510721,5,0,1,450,D,1,D,08,D,20,D,,A,,A,,A,,A,,A,,A,,A,,A,,A
20203,04510891,4,0,1,450,D,1,D,08,D,75,D,,A,,A,,A,,A,,A,,A,,A,,A,,A
20203,04511671,4,0,1,480,D,1,D,06,D,165,D,,A,,A,,A,,A,,A,,A,,A,,A,,A
20203,04511671,5,0,1,480,D,1,D,07,D,165,D,,A,,A,,A,,A,,A,,A,,A,,A,,A
20203,04511671,6,0,1,480,D,1,D,08,D,165,D,,A,,A,,A,,A,,A,,A,,A,,A,,A
20203,04512201,6,0,1,470,D,1,D,07,D,100,D,,A,,A,,A,,A,,A,,A,,A,,A,,A
20203,04513081,2,0,1,470,D,1,D,07,D,100,D,,A,,A,,A,,A,,A,,A,,A,,A,,A
20203,04513851,7,0,1,450,D,1,D,06,D,45,D,,A,,A,,A,,A,,A,,A,,A,,A,,A
20204,04311424,1,0,1,460,D,1,D,09,D,25,D,,A,,A,,A,,A,,A,,A,,A,,A,,A
20204,04312504,7,0,1,450,D,1,D,09,D,10,D,,A,,A,,A,,A,,A,,A,,A,,A,,A
20204,04314094,2,0,1,470,D,1,D,09,D,10,D,,A,,A,,A,,A,,A,,A,,A,,A,,A
20204,04314414,6,0,1,470,D,1,D,09,D,100,D,,A,,A,,A,,A,,A,,A,,A,,A,,A
20204,04317114,3,0,1,450,D,1,D,09,D,30,D,,A,,A,,A,,A,,A,,A,,A,,A,,A
20204,04317824,6,0,1,450,D,1,D,08,D,215,D,,A,,A,,A,,A,,A,,A,,A,,A,,A
20204,04318054,8,0,1,450,D,1,D,09,D,190,D,,A,,A,,A,,A,,A,,A,,A,,A,,A
20204,04318054,9,0,2,450,D,1,D,07,D,130,D,,A,,A,,A,,A,,A,,A,,A,,A,,A
20204,04318624,13,0,1,450,D,1,D,09,D,40,D,,A,,A,,A,,A,,A,,A,,A,,A,,A
20204,04318884,7,0,1,470,D,1,D,09,D,185,D,,A,,A,,A,,A,,A,,A,,A,,A,,A
20204,04320434,4,0,1,450,D,1,D,07,D,120,D,,A,,A,,A,,A,,A,,A,,A,,A,,A
20204,04320434,5,0,1,470,D,1,D,08,D,80,D,,A,,A,,A,,A,,A,,A,,A,,A,,A
20204,04321434,4,0,1,450,D,1,D,09,D,25,D,,A,,A,,A,,A,,A,,A,,A,,A,,A
20204,04321784,3,0,1,490,D,1,D,08,D,125,D,,A,,A,,A,,A,,A,,A,,A,,A,,A
20204,04321784,4,0,1,490,D,1,D,09,D,125,D,,A,,A,,A,,A,,A,,A,,A,,A,,A
20204,04321784,5,0,1,490,D,1,D,10,D,125,D,,A,,A,,A,,A,,A,,A,,A,,A,,A
20204,04322014,3,0,1,470,D,1,D,09,D,5,D,,A,,A,,A,,A,,A,,A,,A,,A,,A
20204,04322034,5,0,2,470,D,1,D,08,D,40,D,,A,,A,,A,,A,,A,,A,,A,,A,,A
20204,04322214,3,0,1,450,D,1,D,10,D,16,D,,A,,A,,A,,A,,A,,A,,A,,A,,A
20204,04323424,5,0,2,450,D,1,D,08,D,70,D,,A,,A,,A,,A,,A,,A,,A,,A,,A
20204,04323444,1,0,1,470,D,1,D,10,D,12,D,,A,,A,,A,,A,,A,,A,,A,,A,,A
20204,04324564,1,0,1,450,D,1,D,10,D,30,D,,A,,A,,A,,A,,A,,A,,A,,A,,A
20204,04324804,5,0,1,470,D,1,D,08,D,10,D,,A,,A,,A,,A,,A,,A,,A,,A,,A
20204,04325564,7,0,2,450,D,1,D,08,D,21,D,,A,,A,,A,,A,,A,,A,,A,,A,,A
20204,04325994,2,0,2,470,D,1,D,08,D,15,D,,A,,A,,A,,A,,A,,A,,A,,A,,A
20204,04326414,4,0,1,470,D,1,D,10,D,10,D,,A,,A,,A,,A,,A,,A,,A,,A,,A
20204,04327814,6,0,1,450,D,1,D,10,D,36,D,,A,,A,,A,,A,,A,,A,,A,,A,,A
20204,04330024,8,0,1,460,D,1,D,10,D,125,D,,A,,A,,A,,A,,A,,A,,A,,A,,A
20204,04330194,8,0,1,470,D,1,D,09,D,35,D,,A,,A,,A,,A,,A,,A,,A,,A,,A
20204,04341674,3,0,1,470,D,1,D,11,D,50,D,,A,,A,,A,,A,,A,,A,,A,,A,,A
20204,04343244,4,0,1,470,D,1,D,11,D,9,D,,A,,A,,A,,A,,A,,A,,A,,A,,A
20204,04346154,4,0,1,460,D,1,D,11,D,20,D,,A,,A,,A,,A,,A,,A,,A,,A,,A
20204,04346154,5,0,2,450,D,1,D,09,D,40,D,,A,,A,,A,,A,,A,,A,,A,,A,,A
20204,04346374,6,0,1,460,D,1,D,10,D,15,D,,A,,A,,A,,A,,A,,A,,A,,A,,A
20204,04346654,3,0,1,450,D,1,D,10,D,50,D,,A,,A,,A,,A,,A,,A,,A,,A,,A
20204,04347204,2,0,2,450,D,1,D,09,D,70,D,,A,,A,,A,,A,,A,,A,,A,,A,,A
20204,04348144,5,0,1,460,D,1,D,09,D,10,D,,A,,A,,A,,A,,A,,A,,A,,A,,A
20204,04348664,3,0,1,450,D,1,D,11,D,20,D,,A,,A,,A,,A,,A,,A,,A,,A,,A
20204,04350124,6,0,1,460,D,1,D,11,D,10,D,,A,,A,,A,,A,,A,,A,,A,,A,,A
20204,04350414,5,0,1,450,D,1,D,11,D,50,D,,A,,A,,A,,A,,A,,A,,A,,A,,A
20204,04378173,4,0,1,470,D,1,D,08,D,20,D,,A,,A,,A,,A,,A,,A,,A,,A,,A
20204,04378293,3,0,1,470,D,1,D,07,D,5,D,,A,,A,,A,,A,,A,,A,,A,,A,,A
20204,04379463,8,0,1,470,D,1,D,08,D,20,D,,A,,A,,A,,A,,A,,A,,A,,A,,A
20204,04381013,1,0,1,460,D,1,D,09,D,10,D,,A,,A,,A,,A,,A,,A,,A,,A,,A
20204,04381453,10,0,1,450,D,1,D,09,D,52,D,,A,,A,,A,,A,,A,,A,,A,,A,,A
20204,04381713,6,0,1,450,D,1,D,08,D,15,D,,A,,A,,A,,A,,A,,A,,A,,A,,A
20204,04382633,10,0,1,470,D,1,D,09,D,365,D,,A,,A,,A,,A,,A,,A,,A,,A,,A
20204,04382813,8,0,1,470,D,1,D,09,D,10,D,,A,,A,,A,,A,,A,,A,,A,,A,,A
20204,04385743,4,0,1,450,D,1,D,08,D,50,D,,A,,A,,A,,A,,A,,A,,A,,A,,A
20204,04386773,6,0,1,450,D,1,D,08,D,20,D,,A,,A,,A,,A,,A,,A,,A,,A,,A
20204,04388483,3,0,1,480,D,1,D,09,D,192,D,,A,,A,,A,,A,,A,,A,,A,,A,,A
20204,04389544,3,0,1,450,D,1,D,08,D,3,D,,A,,A,,A,,A,,A,,A,,A,,A,,A
20204,04390463,4,0,1,450,D,1,D,09,D,20,D,,A,,A,,A,,A,,A,,A,,A,,A,,A
20204,04391373,3,0,1,480,D,1,D,07,D,100,D,,A,,A,,A,,A,,A,,A,,A,,A,,A
20204,04393673,1,0,1,470,D,1,D,08,D,20,D,,A,,A,,A,,A,,A,,A,,A,,A,,A
20204,04393783,1,0,1,470,D,1,D,09,D,18,D,,A,,A,,A,,A,,A,,A,,A,,A,,A
20204,04394943,4,0,1,450,D,1,D,09,D,100,D,,A,,A,,A,,A,,A,,A,,A,,A,,A
20204,04396503,10,0,1,470,D,1,D,09,D,200,D,,A,,A,,A,,A,,A,,A,,A,,A,,A
20204,04396503,11,0,1,450,D,1,D,10,D,40,D,,A,,A,,A,,A,,A,,A,,A,,A,,A
20204,04400913,5,0,1,450,D,1,D,09,D,155,D,,A,,A,,A,,A,,A,,A,,A,,A,,A
20204,04401353,2,0,1,450,D,1,D,10,D,40,D,,A,,A,,A,,A,,A,,A,,A,,A,,A
20204,04403203,8,0,1,490,D,1,D,09,D,90,D,,A,,A,,A,,A,,A,,A,,A,,A,,A
20204,04403203,9,0,1,490,D,1,D,10,D,90,D,,A,,A,,A,,A,,A,,A,,A,,A,,A
20204,04403203,10,0,1,490,D,1,D,08,D,90,D,,A,,A,,A,,A,,A,,A,,A,,A,,A
20204,04403693,6,0,1,470,D,1,D,10,D,27,D,,A,,A,,A,,A,,A,,A,,A,,A,,A
20204,04405463,7,0,1,450,D,1,D,10,D,50,D,,A,,A,,A,,A,,A,,A,,A,,A,,A
20204,04405643,9,0,1,470,D,1,D,09,D,173,D,,A,,A,,A,,A,,A,,A,,A,,A,,A
20204,04406693,1,0,1,450,D,1,D,10,D,38,D,,A,,A,,A,,A,,A,,A,,A,,A,,A
20204,04407463,13,0,1,470,D,1,D,09,D,25,D,,A,,A,,A,,A,,A,,A,,A,,A,,A
20204,04407953,10,0,1,450,D,1,D,09,D,10,D,,A,,A,,A,,A,,A,,A,,A,,A,,A
20204,04408163,7,0,1,460,D,1,D,10,D,30,D,,A,,A,,A,,A,,A,,A,,A,,A,,A
20204,04409783,3,0,1,450,D,1,D,11,D,30,D,,A,,A,,A,,A,,A,,A,,A,,A,,A
20204,04411373,3,0,1,470,D,1,D,10,D,33,D,,A,,A,,A,,A,,A,,A,,A,,A,,A
20204,04413713,6,0,1,460,D,1,D,11,D,65,D,,A,,A,,A,,A,,A,,A,,A,,A,,A
20204,04414163,5,0,1,450,D,1,D,09,D,200,D,,A,,A,,A,,A,,A,,A,,A,,A,,A
20204,04415423,4,0,1,470,D,1,D,10,D,20,D,,A,,A,,A,,A,,A,,A,,A,,A,,A
20204,04415733,6,0,2,460,D,1,D,09,D,35,D,,A,,A,,A,,A,,A,,A,,A,,A,,A
20204,04418113,2,0,1,460,D,1,D,09,D,25,D,,A,,A,,A,,A,,A,,A,,A,,A,,A
20204,04419283,14,0,1,470,D,1,D,10,D,890,D,,A,,A,,A,,A,,A,,A,,A,,A,,A
20204,04423902,28,0,1,450,D,1,D,09,D,100,D,,A,,A,,A,,A,,A,,A,,A,,A,,A
20204,04426042,2,0,1,480,D,1,D,09,D,170,D,,A,,A,,A,,A,,A,,A,,A,,A,,A
20204,04428032,7,0,1,460,D,1,D,08,D,10,D,,A,,A,,A,,A,,A,,A,,A,,A,,A
20204,04428032,8,0,1,470,D,1,D,08,D,15,D,,A,,A,,A,,A,,A,,A,,A,,A,,A
20204,04428172,3,0,2,450,D,1,D,07,D,20,D,,A,,A,,A,,A,,A,,A,,A,,A,,A
20204,04428872,8,0,1,470,D,1,D,08,D,10,D,,A,,A,,A,,A,,A,,A,,A,,A,,A
20204,04429382,4,0,1,450,D,1,D,09,D,30,D,,A,,A,,A,,A,,A,,A,,A,,A,,A
20204,04430012,10,0,1,470,D,1,D,09,D,315,D,,A,,A,,A,,A,,A,,A,,A,,A,,A
20204,04431242,3,0,1,450,D,1,D,08,D,300,D,,A,,A,,A,,A,,A,,A,,A,,A,,A
20204,04431592,4,0,1,450,D,1,D,08,D,50,D,,A,,A,,A,,A,,A,,A,,A,,A,,A
20204,04431592,5,0,2,450,D,1,D,07,D,45,D,,A,,A,,A,,A,,A,,A,,A,,A,,A
20204,04461562,4,0,1,470,D,1,D,10,D,50,D,,A,,A,,A,,A,,A,,A,,A,,A,,A
20204,04463122,9,0,1,450,D,1,D,09,D,40,D,,A,,A,,A,,A,,A,,A,,A,,A,,A
20204,04464583,1,0,1,450,D,1,D,10,D,44,D,,A,,A,,A,,A,,A,,A,,A,,A,,A
20204,04464602,2,0,1,450,D,1,D,09,D,100,D,,A,,A,,A,,A,,A,,A,,A,,A,,A
20204,04464602,3,0,1,470,D,1,D,09,D,150,D,,A,,A,,A,,A,,A,,A,,A,,A,,A
20204,04467802,4,0,1,470,D,1,D,10,D,10,D,,A,,A,,A,,A,,A,,A,,A,,A,,A
20204,04467912,14,0,1,490,D,1,D,08,D,75,D,,A,,A,,A,,A,,A,,A,,A,,A,,A
20204,04467912,15,0,1,490,D,1,D,09,D,75,D,,A,,A,,A,,A,,A,,A,,A,,A,,A
20204,04467912,16,0,1,490,D,1,D,10,D,75,D,,A,,A,,A,,A,,A,,A,,A,,A,,A
20204,04468162,1,0,1,460,D,1,D,09,D,30,D,,A,,A,,A,,A,,A,,A,,A,,A,,A
20204,04470532,5,0,1,470,D,1,D,08,D,35,D,,A,,A,,A,,A,,A,,A,,A,,A,,A
20204,04470552,3,0,2,470,D,1,D,08,D,10,D,,A,,A,,A,,A,,A,,A,,A,,A,,A
20204,04471842,12,0,1,450,D,1,D,08,D,500,D,,A,,A,,A,,A,,A,,A,,A,,A,,A
20204,04472152,11,0,2,450,D,1,D,08,D,16,D,,A,,A,,A,,A,,A,,A,,A,,A,,A
20204,04472152,12,0,2,450,D,1,D,08,D,50,D,,A,,A,,A,,A,,A,,A,,A,,A,,A
20204,04472202,5,0,1,450,D,1,D,10,D,12,D,,A,,A,,A,,A,,A,,A,,A,,A,,A
20204,04503082,3,0,1,450,D,1,D,11,D,25,D,,A,,A,,A,,A,,A,,A,,A,,A,,A
20204,04504052,5,0,1,450,D,1,D,10,D,40,D,,A,,A,,A,,A,,A,,A,,A,,A,,A
20204,04504282,6,0,1,470,D,1,D,11,D,10,D,,A,,A,,A,,A,,A,,A,,A,,A,,A
20204,04506152,2,0,1,460,D,1,D,10,D,100,D,,A,,A,,A,,A,,A,,A,,A,,A,,A
20204,04507092,6,0,1,450,D,1,D,11,D,100,D,,A,,A,,A,,A,,A,,A,,A,,A,,A
20204,04507902,3,0,1,470,D,1,D,09,D,150,D,,A,,A,,A,,A,,A,,A,,A,,A,,A
20204,04509232,3,0,1,450,D,1,D,11,D,150,D,,A,,A,,A,,A,,A,,A,,A,,A,,A
20204,04509232,4,0,2,450,D,1,D,09,D,150,D,,A,,A,,A,,A,,A,,A,,A,,A,,A
20204,04509872,4,0,1,460,D,1,D,11,D,35,D,,A,,A,,A,,A,,A,,A,,A,,A,,A
20204,04510892,6,0,1,450,D,1,D,10,D,125,D,,A,,A,,A,,A,,A,,A,,A,,A,,A
20204,04510952,7,0,1,470,D,1,D,11,D,6,D,,A,,A,,A,,A,,A,,A,,A,,A,,A
20204,04512082,9,0,2,470,D,1,D,09,D,10,D,,A,,A,,A,,A,,A,,A,,A,,A,,A
20204,04513742,3,0,1,450,D,1,D,10,D,10,D,,A,,A,,A,,A,,A,,A,,A,,A,,A
20204,04514012,3,0,1,450,D,1,D,09,D,35,D,,A,,A,,A,,A,,A,,A,,A,,A,,A
20204,04514282,14,0,1,470,D,1,D,09,D,32,D,,A,,A,,A,,A,,A,,A,,A,,A,,A
20204,04544741,2,0,1,470,D,1,D,07,D,100,D,,A,,A,,A,,A,,A,,A,,A,,A,,A
20204,04547991,4,0,1,450,D,1,D,08,D,45,D,,A,,A,,A,,A,,A,,A,,A,,A,,A
20204,04548391,12,0,1,450,D,1,D,09,D,20,D,,A,,A,,A,,A,,A,,A,,A,,A,,A
20204,04548391,13,0,1,460,D,1,D,09,D,30,D,,A,,A,,A,,A,,A,,A,,A,,A,,A
20204,04549001,5,0,1,450,D,1,D,08,D,60,D,,A,,A,,A,,A,,A,,A,,A,,A,,A
20204,04549611,6,0,1,470,D,1,D,09,D,80,D,,A,,A,,A,,A,,A,,A,,A,,A,,A
20204,04549811,6,0,1,470,D,1,D,09,D,50,D,,A,,A,,A,,A,,A,,A,,A,,A,,A
20204,04551131,9,0,1,470,D,1,D,08,D,18,D,,A,,A,,A,,A,,A,,A,,A,,A,,A
20204,04551331,3,0,1,450,D,1,D,07,D,40,D,,A,,A,,A,,A,,A,,A,,A,,A,,A
20204,04551501,3,0,1,450,D,1,D,09,D,16,D,,A,,A,,A,,A,,A,,A,,A,,A,,A
20204,04552241,4,0,1,450,D,1,D,09,D,105,D,,A,,A,,A,,A,,A,,A,,A,,A,,A
20204,04552241,5,0,1,460,D,1,D,09,D,25,D,,A,,A,,A,,A,,A,,A,,A,,A,,A
20204,04552281,4,0,1,460,D,1,D,09,D,50,D,,A,,A,,A,,A,,A,,A,,A,,A,,A
20204,04552961,4,0,1,450,D,1,D,09,D,200,D,,A,,A,,A,,A,,A,,A,,A,,A,,A
20204,04553061,8,0,1,450,D,1,D,07,D,10,D,,A,,A,,A,,A,,A,,A,,A,,A,,A
20204,04553511,2,0,1,450,D,1,D,09,D,40,D,,A,,A,,A,,A,,A,,A,,A,,A,,A
20204,04554091,6,0,1,450,D,1,D,08,D,20,D,,A,,A,,A,,A,,A,,A,,A,,A,,A
20204,04556881,1,0,1,470,D,1,D,09,D,8,D,,A,,A,,A,,A,,A,,A,,A,,A,,A
20204,04557281,23,0,1,470,D,1,D,09,D,20,D,,A,,A,,A,,A,,A,,A,,A,,A,,A
20204,04558091,5,0,1,450,D,1,D,08,D,25,D,,A,,A,,A,,A,,A,,A,,A,,A,,A
20204,04558351,3,0,1,470,D,1,D,09,D,10,D,,A,,A,,A,,A,,A,,A,,A,,A,,A
20204,04558701,1,0,1,490,D,1,D,10,D,67,D,,A,,A,,A,,A,,A,,A,,A,,A,,A
20204,04558891,14,0,1,450,D,1,D,09,D,30,D,,A,,A,,A,,A,,A,,A,,A,,A,,A
20204,04560001,2,0,1,450,D,1,D,08,D,5,D,,A,,A,,A,,A,,A,,A,,A,,A,,A
20204,04560841,8,0,1,450,D,1,D,09,D,50,D,,A,,A,,A,,A,,A,,A,,A,,A,,A
20204,04561911,3,0,1,470,D,1,D,09,D,40,D,,A,,A,,A,,A,,A,,A,,A,,A,,A
20204,04569171,6,0,1,470,D,1,D,09,D,15,D,,A,,A,,A,,A,,A,,A,,A,,A,,A
20204,04571181,3,0,1,460,D,1,D,11,D,80,D,,A,,A,,A,,A,,A,,A,,A,,A,,A
20204,04572891,7,0,1,470,D,1,D,11,D,60,D,,A,,A,,A,,A,,A,,A,,A,,A,,A
20204,04578371,6,0,1,470,D,1,D,10,D,20,D,,A,,A,,A,,A,,A,,A,,A,,A,,A
20204,04579381,4,0,1,450,D,1,D,11,D,65,D,,A,,A,,A,,A,,A,,A,,A,,A,,A
20211,04378674,3,0,1,480,D,2,D,10,D,230,D,,A,,A,,A,,A,,A,,A,,A,,A,,A
20211,04378674,4,0,2,480,D,1,D,10,D,109,D,,A,,A,,A,,A,,A,,A,,A,,A,,A
20211,04379754,2,0,1,470,D,1,D,11,D,20,D,,A,,A,,A,,A,,A,,A,,A,,A,,A
20211,04379954,4,0,1,450,D,1,D,11,D,48,D,,A,,A,,A,,A,,A,,A,,A,,A,,A
20211,04381014,13,0,1,450,D,1,D,12,D,20,D,,A,,A,,A,,A,,A,,A,,A,,A,,A
20211,04381014,14,0,1,470,D,1,D,12,D,20,D,,A,,A,,A,,A,,A,,A,,A,,A,,A
20211,04382424,22,0,1,470,D,1,D,10,D,60,D,,A,,A,,A,,A,,A,,A,,A,,A,,A
20211,04384614,2,0,1,460,D,1,D,12,D,120,D,,A,,A,,A,,A,,A,,A,,A,,A,,A
20211,04386904,4,0,1,450,D,1,D,12,D,105,D,,A,,A,,A,,A,,A,,A,,A,,A,,A
20211,04387924,5,0,1,470,D,1,D,12,D,177,D,,A,,A,,A,,A,,A,,A,,A,,A,,A
20211,04390244,8,0,1,460,D,1,D,11,D,20,D,,A,,A,,A,,A,,A,,A,,A,,A,,A
20211,04390594,6,0,2,470,D,1,D,10,D,50,D,,A,,A,,A,,A,,A,,A,,A,,A,,A
20211,04390914,9,0,1,450,D,1,D,12,D,5,D,,A,,A,,A,,A,,A,,A,,A,,A,,A
20211,04391454,6,0,1,450,D,1,D,12,D,12,D,,A,,A,,A,,A,,A,,A,,A,,A,,A
20211,04392124,4,0,2,460,D,1,D,11,D,10,D,,A,,A,,A,,A,,A,,A,,A,,A,,A
20211,04392734,19,0,2,470,D,1,D,11,D,55,D,,A,,A,,A,,A,,A,,A,,A,,A,,A
20211,04394584,1,0,1,450,D,1,D,11,D,120,D,,A,,A,,A,,A,,A,,A,,A,,A,,A
20211,04396484,4,0,1,470,D,1,D,12,D,10,D,,A,,A,,A,,A,,A,,A,,A,,A,,A
20211,04396504,6,0,1,470,D,1,D,01,D,40,D,,A,,A,,A,,A,,A,,A,,A,,A,,A
20211,04396924,3,0,1,450,D,1,D,11,D,35,D,,A,,A,,A,,A,,A,,A,,A,,A,,A
20211,04399664,7,0,2,470,D,1,D,11,D,123,D,,A,,A,,A,,A,,A,,A,,A,,A,,A
20211,04399954,6,0,1,450,D,1,D,12,D,17,D,,A,,A,,A,,A,,A,,A,,A,,A,,A
20211,04400914,6,0,1,450,D,1,D,11,D,206,D,,A,,A,,A,,A,,A,,A,,A,,A,,A
20211,04401174,5,0,2,450,D,1,D,11,D,100,D,,A,,A,,A,,A,,A,,A,,A,,A,,A
20211,04407004,9,0,1,450,D,1,D,01,D,40,D,,A,,A,,A,,A,,A,,A,,A,,A,,A
20211,04407574,4,0,1,460,D,1,D,01,D,50,D,,A,,A,,A,,A,,A,,A,,A,,A,,A
20211,04407724,9,0,1,470,D,1,D,01,D,350,D,,A,,A,,A,,A,,A,,A,,A,,A,,A
20211,04407724,10,0,2,470,D,1,D,12,D,35,D,,A,,A,,A,,A,,A,,A,,A,,A,,A
20211,04409964,8,0,1,480,D,1,D,01,D,227,D,,A,,A,,A,,A,,A,,A,,A,,A,,A
20211,04410554,3,0,1,450,D,1,D,02,D,15,D,,A,,A,,A,,A,,A,,A,,A,,A,,A
20211,04412704,2,0,1,450,D,1,D,01,D,35,D,,A,,A,,A,,A,,A,,A,,A,,A,,A
20211,04414254,7,0,1,450,D,1,D,02,D,23,D,,A,,A,,A,,A,,A,,A,,A,,A,,A
20211,04416084,5,0,2,480,D,1,D,12,D,150,D,,A,,A,,A,,A,,A,,A,,A,,A,,A
20211,04416994,1,0,1,450,D,1,D,01,D,9,D,,A,,A,,A,,A,,A,,A,,A,,A,,A
20211,04419164,7,0,1,450,D,1,D,01,D,50,D,,A,,A,,A,,A,,A,,A,,A,,A,,A
20211,04421233,20,0,1,450,D,1,D,10,D,15,D,,A,,A,,A,,A,,A,,A,,A,,A,,A
20211,04424963,8,0,1,450,D,1,D,12,D,60,D,,A,,A,,A,,A,,A,,A,,A,,A,,A
20211,04426103,6,0,1,480,D,1,D,10,D,400,D,,A,,A,,A,,A,,A,,A,,A,,A,,A
20211,04426653,16,0,1,490,D,1,D,10,D,200,D,,A,,A,,A,,A,,A,,A,,A,,A,,A
20211,04426653,17,0,1,490,D,1,D,11,D,200,D,,A,,A,,A,,A,,A,,A,,A,,A,,A
20211,04426653,18,0,1,490,D,1,D,12,D,200,D,,A,,A,,A,,A,,A,,A,,A,,A,,A
20211,04427973,4,0,1,450,D,1,D,12,D,40,D,,A,,A,,A,,A,,A,,A,,A,,A,,A
20211,04428033,11,0,1,470,D,1,D,12,D,10,D,,A,,A,,A,,A,,A,,A,,A,,A,,A
20211,04428873,8,0,1,450,D,1,D,10,D,15,D,,A,,A,,A,,A,,A,,A,,A,,A,,A
20211,04429383,2,0,1,450,D,1,D,10,D,20,D,,A,,A,,A,,A,,A,,A,,A,,A,,A
20211,04431673,8,0,1,450,D,1,D,10,D,20,D,,A,,A,,A,,A,,A,,A,,A,,A,,A
20211,04463353,18,0,1,460,D,1,D,11,D,60,D,,A,,A,,A,,A,,A,,A,,A,,A,,A
20211,04463353,19,0,2,460,D,1,D,11,D,52,D,,A,,A,,A,,A,,A,,A,,A,,A,,A
20211,04464773,7,0,1,470,D,1,D,12,D,50,D,,A,,A,,A,,A,,A,,A,,A,,A,,A
20211,04465823,36,0,1,480,D,1,D,01,D,10,D,,A,,A,,A,,A,,A,,A,,A,,A,,A
20211,04466343,6,0,1,500,D,1,D,01,D,,H,500,D,450,D,,A,,A,,A,,A,,A,,A,,A
20211,04466343,6,1,1,450,D,1,D,01,D,26,E,,A,,A,,A,,A,,A,,A,,A,,A,,A
20211,04466343,6,2,1,460,D,1,D,01,D,24,E,,A,,A,,A,,A,,A,,A,,A,,A,,A
20211,04467603,3,0,1,470,D,1,D,01,D,370,D,,A,,A,,A,,A,,A,,A,,A,,A,,A
20211,04467913,1,0,1,490,D,1,D,11,D,75,D,,A,,A,,A,,A,,A,,A,,A,,A,,A
20211,04467913,2,0,1,490,D,1,D,12,D,75,D,,A,,A,,A,,A,,A,,A,,A,,A,,A
20211,04467913,3,0,1,490,D,1,D,01,D,75,D,,A,,A,,A,,A,,A,,A,,A,,A,,A
20211,04467973,4,0,1,470,D,1,D,12,D,125,D,,A,,A,,A,,A,,A,,A,,A,,A,,A
20211,04468163,1,0,1,460,D,1,D,11,D,30,D,,A,,A,,A,,A,,A,,A,,A,,A,,A
20211,04468633,1,0,1,450,D,1,D,01,D,30,D,,A,,A,,A,,A,,A,,A,,A,,A,,A
20211,04470533,6,0,1,470,D,1,D,01,D,25,D,,A,,A,,A,,A,,A,,A,,A,,A,,A
20211,04470573,5,0,2,470,D,1,D,11,D,25,D,,A,,A,,A,,A,,A,,A,,A,,A,,A
20211,04471133,4,0,2,450,D,1,D,11,D,90,D,,A,,A,,A,,A,,A,,A,,A,,A,,A
20211,04503693,8,0,1,450,D,1,D,02,D,60,D,,A,,A,,A,,A,,A,,A,,A,,A,,A
20211,04503693,9,0,2,470,D,1,D,12,D,10,D,,A,,A,,A,,A,,A,,A,,A,,A,,A
20211,04504393,2,0,2,470,D,1,D,12,D,50,D,,A,,A,,A,,A,,A,,A,,A,,A,,A
20211,04506063,17,0,1,450,D,1,D,01,D,45,D,,A,,A,,A,,A,,A,,A,,A,,A,,A
20211,04506853,2,0,1,450,D,1,D,01,D,60,D,,A,,A,,A,,A,,A,,A,,A,,A,,A
20211,04506983,4,0,1,470,D,1,D,01,D,350,D,,A,,A,,A,,A,,A,,A,,A,,A,,A
20211,04508663,4,0,1,450,D,1,D,12,D,32,D,,A,,A,,A,,A,,A,,A,,A,,A,,A
20211,04509453,8,0,1,450,D,1,D,01,D,60,D,,A,,A,,A,,A,,A,,A,,A,,A,,A
20211,04509463,7,0,1,450,D,1,D,12,D,75,D,,A,,A,,A,,A,,A,,A,,A,,A,,A
20211,04509733,4,0,1,470,D,1,D,02,D,15,D,,A,,A,,A,,A,,A,,A,,A,,A,,A
20211,04509813,1,0,1,470,D,1,D,12,D,16,D,,A,,A,,A,,A,,A,,A,,A,,A,,A
20211,04510063,3,0,1,450,D,1,D,02,D,32,F,,A,,A,,A,,A,,A,,A,,A,,A,,A
20211,04510113,4,0,1,460,D,1,D,01,D,34,D,,A,,A,,A,,A,,A,,A,,A,,A,,A
20211,04512443,6,0,1,450,D,1,D,01,D,8,D,,A,,A,,A,,A,,A,,A,,A,,A,,A
20211,04513653,8,0,1,450,D,1,D,02,D,45,D,,A,,A,,A,,A,,A,,A,,A,,A,,A
20211,04514223,10,0,1,450,D,1,D,12,D,28,D,,A,,A,,A,,A,,A,,A,,A,,A,,A
20211,04514303,4,0,1,450,D,1,D,01,D,14,D,,A,,A,,A,,A,,A,,A,,A,,A,,A
20211,04544362,4,0,1,480,D,1,D,12,D,180,D,,A,,A,,A,,A,,A,,A,,A,,A,,A
20211,04544772,7,0,1,450,D,1,D,12,D,300,D,,A,,A,,A,,A,,A,,A,,A,,A,,A
20211,04551062,2,0,2,450,D,1,D,10,D,50,D,,A,,A,,A,,A,,A,,A,,A,,A,,A
20211,04552202,7,0,1,460,D,1,D,10,D,30,D,,A,,A,,A,,A,,A,,A,,A,,A,,A
20211,04552202,8,0,1,460,D,1,D,11,D,30,D,,A,,A,,A,,A,,A,,A,,A,,A,,A
20211,04552202,9,0,1,460,D,1,D,12,D,30,D,,A,,A,,A,,A,,A,,A,,A,,A,,A
20211,04552912,5,0,1,460,D,1,D,11,D,200,D,,A,,A,,A,,A,,A,,A,,A,,A,,A
20211,04554692,7,0,1,470,D,1,D,11,D,21,D,,A,,A,,A,,A,,A,,A,,A,,A,,A
20211,04555272,5,0,1,450,D,1,D,11,D,25,D,,A,,A,,A,,A,,A,,A,,A,,A,,A
20211,04556432,3,0,1,450,D,1,D,12,D,50,D,,A,,A,,A,,A,,A,,A,,A,,A,,A
20211,04557132,8,0,1,460,D,1,D,11,D,48,D,,A,,A,,A,,A,,A,,A,,A,,A,,A
20211,04557282,29,0,1,450,D,1,D,01,D,120,D,,A,,A,,A,,A,,A,,A,,A,,A,,A
20211,04557882,7,0,1,470,D,1,D,01,D,185,D,,A,,A,,A,,A,,A,,A,,A,,A,,A
20211,04558552,3,0,1,450,D,1,D,01,D,50,D,,A,,A,,A,,A,,A,,A,,A,,A,,A
20211,04558572,6,0,1,470,D,1,D,01,D,30,D,,A,,A,,A,,A,,A,,A,,A,,A,,A
20211,04559122,6,0,1,460,D,1,D,01,D,10,D,,A,,A,,A,,A,,A,,A,,A,,A,,A
20211,04559462,2,0,1,490,D,1,D,12,D,125,D,,A,,A,,A,,A,,A,,A,,A,,A,,A
20211,04560582,6,0,2,450,D,1,D,11,D,30,D,,A,,A,,A,,A,,A,,A,,A,,A,,A
20211,04562392,10,0,1,450,D,1,D,12,D,18,D,,A,,A,,A,,A,,A,,A,,A,,A,,A
20211,04563052,5,0,1,450,D,1,D,01,D,40,D,,A,,A,,A,,A,,A,,A,,A,,A,,A
20211,04563302,3,0,1,450,D,1,D,12,D,75,D,,A,,A,,A,,A,,A,,A,,A,,A,,A
20211,04563512,4,0,2,450,D,1,D,11,D,60,D,,A,,A,,A,,A,,A,,A,,A,,A,,A
20211,04564912,5,0,1,450,D,1,D,01,D,50,D,,A,,A,,A,,A,,A,,A,,A,,A,,A
20211,04565922,2,0,1,500,D,1,D,11,D,,H,470,D,480,D,450,D,,A,,A,,A,,A,,A,,A
20211,04565922,2,1,1,470,D,1,D,11,D,156,E,,A,,A,,A,,A,,A,,A,,A,,A,,A
20211,04565922,2,2,1,450,D,1,D,11,D,69,E,,A,,A,,A,,A,,A,,A,,A,,A,,A
20211,04566402,7,0,1,450,D,1,D,12,D,131,D,,A,,A,,A,,A,,A,,A,,A,,A,,A
20211,04566402,8,0,1,470,D,1,D,12,D,63,D,,A,,A,,A,,A,,A,,A,,A,,A,,A
20211,04567392,3,0,1,470,D,1,D,12,D,150,D,,A,,A,,A,,A,,A,,A,,A,,A,,A
20211,04570502,4,0,1,500,D,1,D,01,D,,H,500,D,470,D,,A,,A,,A,,A,,A,,A,,A
20211,04570502,4,1,1,450,D,1,D,01,D,53,E,,A,,A,,A,,A,,A,,A,,A,,A,,A
20211,04570502,4,2,1,460,D,1,D,01,D,69,E,,A,,A,,A,,A,,A,,A,,A,,A,,A
20211,04570502,4,3,1,470,D,1,D,01,D,78,E,,A,,A,,A,,A,,A,,A,,A,,A,,A
20211,04573982,3,0,1,450,D,1,D,12,D,50,D,,A,,A,,A,,A,,A,,A,,A,,A,,A
20211,04574282,2,0,1,470,D,1,D,02,D,26,D,,A,,A,,A,,A,,A,,A,,A,,A,,A
20211,04576512,9,0,1,450,D,1,D,12,D,20,D,,A,,A,,A,,A,,A,,A,,A,,A,,A
20211,04576512,10,0,1,450,D,1,D,01,D,30,D,,A,,A,,A,,A,,A,,A,,A,,A,,A
20211,04576662,2,0,1,450,D,1,D,01,D,8,D,,A,,A,,A,,A,,A,,A,,A,,A,,A
20211,04576712,6,0,1,450,D,1,D,01,D,24,D,,A,,A,,A,,A,,A,,A,,A,,A,,A
20211,04576712,7,0,1,450,D,1,D,02,D,24,D,,A,,A,,A,,A,,A,,A,,A,,A,,A
20211,04576712,8,0,1,450,D,1,D,12,D,24,D,,A,,A,,A,,A,,A,,A,,A,,A,,A
20211,04576712,9,0,1,470,D,1,D,01,D,35,D,,A,,A,,A,,A,,A,,A,,A,,A,,A
20211,04577142,2,0,2,450,D,1,D,12,D,10,D,,A,,A,,A,,A,,A,,A,,A,,A,,A
20211,04579382,5,0,1,450,D,1,D,02,D,68,D,,A,,A,,A,,A,,A,,A,,A,,A,,A
20211,04611161,9,0,1,450,D,1,D,11,D,20,D,,A,,A,,A,,A,,A,,A,,A,,A,,A
20211,04611671,8,0,1,470,D,1,D,10,D,285,D,,A,,A,,A,,A,,A,,A,,A,,A,,A
20211,04612981,1,0,1,460,D,1,D,12,D,90,D,,A,,A,,A,,A,,A,,A,,A,,A,,A
20211,04616154,10,0,1,450,D,1,D,12,D,50,D,,A,,A,,A,,A,,A,,A,,A,,A,,A
20211,04616961,2,0,1,450,D,1,D,11,D,40,D,,A,,A,,A,,A,,A,,A,,A,,A,,A
20211,04618281,12,0,1,470,D,1,D,12,D,12,D,,A,,A,,A,,A,,A,,A,,A,,A,,A
20211,04619791,5,0,1,450,D,1,D,12,D,14,D,,A,,A,,A,,A,,A,,A,,A,,A,,A
20211,04653581,7,0,1,450,D,1,D,12,D,20,D,,A,,A,,A,,A,,A,,A,,A,,A,,A
20211,04655301,9,0,1,450,D,1,D,11,D,41,D,,A,,A,,A,,A,,A,,A,,A,,A,,A
20211,04655301,10,0,1,450,D,1,D,12,D,41,D,,A,,A,,A,,A,,A,,A,,A,,A,,A
20211,04655781,6,0,1,450,D,1,D,01,D,75,D,,A,,A,,A,,A,,A,,A,,A,,A,,A
20211,04658171,3,0,1,460,D,1,D,11,D,21,D,,A,,A,,A,,A,,A,,A,,A,,A,,A
20211,04658541,1,0,1,460,D,1,D,01,D,30,D,,A,,A,,A,,A,,A,,A,,A,,A,,A
20211,04659051,1,0,1,470,D,1,D,12,D,15,D,,A,,A,,A,,A,,A,,A,,A,,A,,A
20211,04659221,9,0,1,450,D,1,D,12,D,40,D,,A,,A,,A,,A,,A,,A,,A,,A,,A
20211,04661921,7,0,1,450,D,1,D,11,D,100,D,,A,,A,,A,,A,,A,,A,,A,,A,,A
20211,04662101,2,0,1,480,D,1,D,12,D,150,D,,A,,A,,A,,A,,A,,A,,A,,A,,A
20211,04662411,9,0,1,470,D,1,D,11,D,208,D,,A,,A,,A,,A,,A,,A,,A,,A,,A
20211,04662541,3,0,1,470,D,1,D,12,D,5,D,,A,,A,,A,,A,,A,,A,,A,,A,,A
20211,04679661,6,0,1,470,D,1,D,01,D,50,D,,A,,A,,A,,A,,A,,A,,A,,A,,A
20211,04680221,2,0,1,470,D,1,D,02,D,20,D,,A,,A,,A,,A,,A,,A,,A,,A,,A
20211,04680781,6,0,1,500,D,1,D,02,D,,H,470,D,450,D,,A,,A,,A,,A,,A,,A,,A
20211,04680781,6,1,1,470,D,1,D,02,D,59,E,,A,,A,,A,,A,,A,,A,,A,,A,,A
20211,04680781,6,2,1,450,D,1,D,02,D,41,E,,A,,A,,A,,A,,A,,A,,A,,A,,A
20211,04681811,6,0,1,450,D,1,D,02,D,33,F,,A,,A,,A,,A,,A,,A,,A,,A,,A
20211,04684211,7,0,1,450,D,1,D,01,D,25,D,,A,,A,,A,,A,,A,,A,,A,,A,,A
20211,04684211,8,0,1,460,D,1,D,12,D,38,D,,A,,A,,A,,A,,A,,A,,A,,A,,A
20211,04684301,6,0,1,460,D,1,D,12,D,150,D,,A,,A,,A,,A,,A,,A,,A,,A,,A
20211,04686511,11,0,1,490,D,1,D,12,D,166,D,,A,,A,,A,,A,,A,,A,,A,,A,,A
20211,04686511,12,0,1,490,D,1,D,01,D,166,D,,A,,A,,A,,A,,A,,A,,A,,A,,A
20211,04686511,13,0,1,490,D,1,D,02,D,166,D,,A,,A,,A,,A,,A,,A,,A,,A,,A
20211,04686731,11,0,1,450,D,1,D,12,D,7,D,,A,,A,,A,,A,,A,,A,,A,,A,,A
20211,04687031,12,0,1,450,D,1,D,02,D,57,D,,A,,A,,A,,A,,A,,A,,A,,A,,A
20211,04688241,26,0,1,450,D,1,D,01,D,33,D,,A,,A,,A,,A,,A,,A,,A,,A,,A
