QYEAR,NEWID,SEQNO,ALCNO,REC_ORIG,CRMCODEA,CRMC_DEA,ADVMATX,ADVMATX_,MATNSPCX,MATN_PCX,CRMCDA1,CRMCDA1_,CRMCDA2,CRMCDA2_,CRMCDA3,CRMCDA3_,CRMCDA4,CRMCDA4_,CRMCDA5,CRMCDA5_,CRMCDA6,CRMCDA6_,CRMCDA7,CRMCDA7_,CRMCDA8,CRMCDA8_,CRMCDA9,CRMCDA9_
20202,04215794,2,0,1,175,D,20,D,,A,,A,,A,,A,,A,,A,,A,,A,,A,,A
20202,04216434,1,0,1,130,D,150,F,,A,,A,,A,,A,,A,,A,,A,,A,,A,,A
20202,04217264,4,0,1,240,D,80,D,,A,,A,,A,,A,,A,,A,,A,,A,,A,,A
20202,04218084,7,0,1,300,D,168,D,,A,,A,,A,,A,,A,,A,,A,,A,,A,,A
20202,04218444,2,0,1,130,D,900,D,,A,,A,,A,,A,,A,,A,,A,,A,,A,,A
20202,04218614,16,0,1,,A,,A,150,D,,A,,A,,A,,A,,A,,A,,A,,A,,A
20202,04219394,1,0,1,140,D,100,D,,A,,A,,A,,A,,A,,A,,A,,A,,A,,A
20202,04220584,6,0,1,175,D,450,D,,A,,A,,A,,A,,A,,A,,A,,A,,A,,A
20202,04221354,15,0,1,300,D,120,D,,A,,A,,A,,A,,A,,A,,A,,A,,A,,A
20202,04223834,6,0,1,175,D,30,D,,A,,A,,A,,A,,A,,A,,A,,A,,A,,A
20202,04225394,5,0,1,235,D,800,D,800,D,,A,,A,,A,,A,,A,,A,,A,,A,,A
20202,04226024,21,0,1,175,D,200,D,,A,,A,,A,,A,,A,,A,,A,,A,,A,,A
20202,04229154,2,0,1,300,D,100,D,,A,,A,,A,,A,,A,,A,,A,,A,,A,,A
20202,04229354,6,0,1,175,D,32,D,,A,,A,,A,,A,,A,,A,,A,,A,,A,,A
20202,04230074,4,0,1,,A,,A,300,D,,A,,A,,A,,A,,A,,A,,A,,A,,A
20202,04230154,1,0,1,,A,,A,150,D,,A,,A,,A,,A,,A,,A,,A,,A,,A
20202,04230594,5,0,1,310,D,,H,,A,175,D,200,D,,A,,A,,A,,A,,A,,A,,A
20202,04230594,5,1,1,175,D,55,E,,A,,A,,A,,A,,A,,A,,A,,A,,A,,A
20202,04230594,5,2,1,200,D,160,E,,A,,A,,A,,A,,A,,A,,A,,A,,A,,A
20202,04230814,8,0,1,300,D,210,D,,A,,A,,A,,A,,A,,A,,A,,A,,A,,A
20202,04232174,12,0,1,200,D,800,D,,A,,A,,A,,A,,A,,A,,A,,A,,A,,A
20202,04232494,4,0,1,175,D,35,D,,A,,A,,A,,A,,A,,A,,A,,A,,A,,A
20202,04233244,1,0,1,130,D,1300,D,,A,,A,,A,,A,,A,,A,,A,,A,,A,,A
20202,04233874,8,0,1,310,D,,H,,A,175,D,200,D,,A,,A,,A,,A,,A,,A,,A
20202,04233874,8,1,1,175,D,377,E,,A,,A,,A,,A,,A,,A,,A,,A,,A,,A
20202,04233874,8,2,1,200,D,823,E,,A,,A,,A,,A,,A,,A,,A,,A,,A,,A
20202,04234614,7,0,1,,A,,A,130,D,,A,,A,,A,,A,,A,,A,,A,,A,,A
20202,04234824,1,0,1,175,D,80,D,,A,,A,,A,,A,,A,,A,,A,,A,,A,,A
20202,04234914,4,0,1,,A,,A,20,D,,A,,A,,A,,A,,A,,A,,A,,A,,A
20202,04235144,3,0,1,,A,,A,200,D,,A,,A,,A,,A,,A,,A,,A,,A,,A
20202,04235404,6,0,1,220,D,300,D,,A,,A,,A,,A,,A,,A,,A,,A,,A,,A
20202,04235804,5,0,1,175,D,500,D,200,D,,A,,A,,A,,A,,A,,A,,A,,A,,A
20202,04236014,7,0,1,160,D,100,D,120,D,,A,,A,,A,,A,,A,,A,,A,,A,,A
20202,04238774,2,0,1,,A,,A,65,D,,A,,A,,A,,A,,A,,A,,A,,A,,A
20202,04239694,14,0,1,310,D,,H,,A,310,D,175,D,,A,,A,,A,,A,,A,,A,,A
20202,04239694,14,1,1,175,D,40,E,,A,,A,,A,,A,,A,,A,,A,,A,,A,,A
20202,04239694,14,2,1,300,D,29,E,,A,,A,,A,,A,,A,,A,,A,,A,,A,,A
20202,04240364,8,0,1,,A,,A,25,D,,A,,A,,A,,A,,A,,A,,A,,A,,A
20202,04240534,4,0,1,120,D,200,D,,A,,A,,A,,A,,A,,A,,A,,A,,A,,A
20202,04241734,7,0,1,140,D,500,D,,A,,A,,A,,A,,A,,A,,A,,A,,A,,A
20202,04242604,3,0,1,120,D,149,D,,A,,A,,A,,A,,A,,A,,A,,A,,A,,A
20202,04242994,2,0,1,310,D,,H,,A,300,D,175,D,,A,,A,,A,,A,,A,,A,,A
20202,04242994,2,1,1,300,D,24,E,,A,,A,,A,,A,,A,,A,,A,,A,,A,,A
20202,04242994,2,2,1,175,D,86,E,,A,,A,,A,,A,,A,,A,,A,,A,,A,,A
20202,04243204,9,0,1,,A,,A,105,D,,A,,A,,A,,A,,A,,A,,A,,A,,A
20202,04244024,2,0,1,300,D,168,F,,A,,A,,A,,A,,A,,A,,A,,A,,A,,A
20202,04244294,1,0,1,,A,,A,27,D,,A,,A,,A,,A,,A,,A,,A,,A,,A
20202,04244584,7,0,1,130,D,150,D,,A,,A,,A,,A,,A,,A,,A,,A,,A,,A
20202,04245044,13,0,1,,A,,A,500,D,,A,,A,,A,,A,,A,,A,,A,,A,,A
20202,04245424,9,0,1,175,D,250,D,,A,,A,,A,,A,,A,,A,,A,,A,,A,,A
20202,04267333,8,0,1,300,D,50,D,,A,,A,,A,,A,,A,,A,,A,,A,,A,,A
20202,04267793,7,0,1,260,D,400,D,,A,,A,,A,,A,,A,,A,,A,,A,,A,,A
20202,04268013,31,0,1,,A,,A,10,D,,A,,A,,A,,A,,A,,A,,A,,A,,A
20202,04269543,2,0,1,160,D,4000,D,,A,,A,,A,,A,,A,,A,,A,,A,,A,,A
20202,04269613,3,0,1,200,D,109,D,,A,,A,,A,,A,,A,,A,,A,,A,,A,,A
20202,04269693,5,0,1,175,D,85,D,,A,,A,,A,,A,,A,,A,,A,,A,,A,,A
20202,04271063,7,0,1,310,D,,H,,A,310,D,200,D,,A,,A,,A,,A,,A,,A,,A
20202,04271063,7,1,1,130,D,806,E,,A,,A,,A,,A,,A,,A,,A,,A,,A,,A
20202,04271063,7,2,1,175,D,96,E,,A,,A,,A,,A,,A,,A,,A,,A,,A,,A
20202,04271063,7,3,1,200,D,282,E,,A,,A,,A,,A,,A,,A,,A,,A,,A,,A
20202,04271063,7,4,1,235,D,80,E,,A,,A,,A,,A,,A,,A,,A,,A,,A,,A
20202,04271063,7,5,1,240,D,64,E,,A,,A,,A,,A,,A,,A,,A,,A,,A,,A
20202,04271063,7,6,1,300,D,172,E,,A,,A,,A,,A,,A,,A,,A,,A,,A,,A
20202,04271423,17,0,1,,A,,A,50,D,,A,,A,,A,,A,,A,,A,,A,,A,,A
20202,04273133,1,0,1,300,D,300,D,,A,,A,,A,,A,,A,,A,,A,,A,,A,,A
20202,04274103,4,0,1,175,D,50,D,,A,,A,,A,,A,,A,,A,,A,,A,,A,,A
20202,04276773,3,0,1,140,D,320,D,450,D,,A,,A,,A,,A,,A,,A,,A,,A,,A
20202,04277383,8,0,1,,A,,A,300,D,,A,,A,,A,,A,,A,,A,,A,,A,,A
20202,04278433,3,0,1,,A,,A,39,D,,A,,A,,A,,A,,A,,A,,A,,A,,A
20202,04281343,5,0,1,200,D,350,D,,A,,A,,A,,A,,A,,A,,A,,A,,A,,A
20202,04281603,20,0,1,310,D,,H,,A,140,D,290,D,300,D,,A,,A,,A,,A,,A,,A
20202,04281603,20,1,1,140,D,472,E,,A,,A,,A,,A,,A,,A,,A,,A,,A,,A
20202,04281603,20,2,1,300,D,283,E,,A,,A,,A,,A,,A,,A,,A,,A,,A,,A
20202,04283063,7,0,1,160,D,11,D,,A,,A,,A,,A,,A,,A,,A,,A,,A,,A
20202,04283833,11,0,1,175,D,50,D,,A,,A,,A,,A,,A,,A,,A,,A,,A,,A
20202,04287763,1,0,1,,A,,A,185,D,,A,,A,,A,,A,,A,,A,,A,,A,,A
20202,04287943,7,0,1,300,D,75,D,,A,,A,,A,,A,,A,,A,,A,,A,,A,,A
20202,04288733,5,0,1,300,D,4000,D,,A,,A,,A,,A,,A,,A,,A,,A,,A,,A
20202,04290183,9,0,1,175,D,37,D,,A,,A,,A,,A,,A,,A,,A,,A,,A,,A
20202,04290683,3,0,1,175,D,50,D,,A,,A,,A,,A,,A,,A,,A,,A,,A,,A
20202,04291093,4,0,1,,A,,A,23,D,,A,,A,,A,,A,,A,,A,,A,,A,,A
20202,04291623,6,0,1,,A,,A,600,D,,A,,A,,A,,A,,A,,A,,A,,A,,A
20202,04292523,5,0,1,130,D,1500,D,,A,,A,,A,,A,,A,,A,,A,,A,,A,,A
20202,04293463,5,0,1,300,D,500,D,,A,,A,,A,,A,,A,,A,,A,,A,,A,,A
20202,04293613,3,0,1,300,D,25,D,,A,,A,,A,,A,,A,,A,,A,,A,,A,,A
20202,04294143,15,0,1,140,D,50,D,,A,,A,,A,,A,,A,,A,,A,,A,,A,,A
20202,04295133,20,0,1,,A,,A,150,D,,A,,A,,A,,A,,A,,A,,A,,A,,A
20202,04295763,9,0,1,300,D,400,D,,A,,A,,A,,A,,A,,A,,A,,A,,A,,A
20202,04296623,2,0,1,,A,,A,100,D,,A,,A,,A,,A,,A,,A,,A,,A,,A
20202,04296643,4,0,1,290,D,3500,D,,A,,A,,A,,A,,A,,A,,A,,A,,A,,A
20202,04297833,17,0,1,,A,,A,50,D,,A,,A,,A,,A,,A,,A,,A,,A,,A
20202,04298333,5,0,1,150,D,6500,D,,A,,A,,A,,A,,A,,A,,A,,A,,A,,A
20202,04299243,4,0,1,310,D,,H,,A,175,D,310,D,160,D,,A,,A,,A,,A,,A,,A
20202,04299243,4,1,1,160,D,90,E,,A,,A,,A,,A,,A,,A,,A,,A,,A,,A
20202,04299243,4,2,1,175,D,120,E,,A,,A,,A,,A,,A,,A,,A,,A,,A,,A
20202,04299243,4,3,1,300,D,90,E,,A,,A,,A,,A,,A,,A,,A,,A,,A,,A
20202,04310912,3,0,1,300,D,35,D,,A,,A,,A,,A,,A,,A,,A,,A,,A,,A
20202,04311172,11,0,1,,A,,A,39,D,,A,,A,,A,,A,,A,,A,,A,,A,,A
20202,04312384,8,0,1,175,D,150,D,,A,,A,,A,,A,,A,,A,,A,,A,,A,,A
20202,04314002,13,0,1,140,D,140,D,,A,,A,,A,,A,,A,,A,,A,,A,,A,,A
20202,04314052,9,0,1,,A,,A,20,D,,A,,A,,A,,A,,A,,A,,A,,A,,A
20202,04315203,4,0,1,140,D,60,D,,A,,A,,A,,A,,A,,A,,A,,A,,A,,A
20202,04316062,4,0,1,,A,,A,10,D,,A,,A,,A,,A,,A,,A,,A,,A,,A
20202,04317262,6,0,1,270,D,1500,D,,A,,A,,A,,A,,A,,A,,A,,A,,A,,A
20202,04317412,2,0,1,260,D,17000,T,,A,,A,,A,,A,,A,,A,,A,,A,,A,,A
20202,04317683,12,0,1,300,D,2310,D,,A,,A,,A,,A,,A,,A,,A,,A,,A,,A
20202,04319602,11,0,1,280,D,400,D,,A,,A,,A,,A,,A,,A,,A,,A,,A,,A
20202,04320842,16,0,1,,A,,A,250,D,,A,,A,,A,,A,,A,,A,,A,,A,,A
20202,04321012,2,0,1,,A,,A,1000,D,,A,,A,,A,,A,,A,,A,,A,,A,,A
20202,04321342,3,0,1,300,D,250,D,,A,,A,,A,,A,,A,,A,,A,,A,,A,,A
20202,04321572,3,0,1,300,D,40,D,,A,,A,,A,,A,,A,,A,,A,,A,,A,,A
20202,04322682,7,0,1,175,D,200,D,,A,,A,,A,,A,,A,,A,,A,,A,,A,,A
20202,04323942,6,0,1,,A,,A,24,D,,A,,A,,A,,A,,A,,A,,A,,A,,A
20202,04324072,1,0,1,220,D,2200,D,,A,,A,,A,,A,,A,,A,,A,,A,,A,,A
20202,04324152,4,0,1,190,D,100,D,,A,,A,,A,,A,,A,,A,,A,,A,,A,,A
20202,04325262,5,0,1,300,D,300,D,,A,,A,,A,,A,,A,,A,,A,,A,,A,,A
20202,04325272,5,0,1,210,D,35,D,,A,,A,,A,,A,,A,,A,,A,,A,,A,,A
20202,04326412,2,0,1,260,D,1500,D,,A,,A,,A,,A,,A,,A,,A,,A,,A,,A
20202,04326712,2,0,1,200,D,140,D,,A,,A,,A,,A,,A,,A,,A,,A,,A,,A
20202,04326752,1,0,1,,A,,A,560,D,,A,,A,,A,,A,,A,,A,,A,,A,,A
20202,04327862,4,0,1,300,D,25,D,,A,,A,,A,,A,,A,,A,,A,,A,,A,,A
20202,04328302,3,0,1,140,D,3150,D,,A,,A,,A,,A,,A,,A,,A,,A,,A,,A
20202,04330592,6,0,1,130,D,1090,D,,A,,A,,A,,A,,A,,A,,A,,A,,A,,A
20202,04341652,6,0,1,300,D,20,D,,A,,A,,A,,A,,A,,A,,A,,A,,A,,A
20202,04342272,6,0,1,260,D,300,D,,A,,A,,A,,A,,A,,A,,A,,A,,A,,A
20202,04343022,4,0,1,,A,,A,300,D,,A,,A,,A,,A,,A,,A,,A,,A,,A
20202,04343672,6,0,1,175,D,60,D,50,D,,A,,A,,A,,A,,A,,A,,A,,A,,A
20202,04344402,8,0,1,235,D,100,D,,A,,A,,A,,A,,A,,A,,A,,A,,A,,A
20202,04345102,2,0,1,300,D,1100,D,,A,,A,,A,,A,,A,,A,,A,,A,,A,,A
20202,04345242,14,0,1,,A,,A,80,D,,A,,A,,A,,A,,A,,A,,A,,A,,A
20202,04346092,6,0,1,,A,,A,120,D,,A,,A,,A,,A,,A,,A,,A,,A,,A
20202,04346822,6,0,1,175,D,200,D,,A,,A,,A,,A,,A,,A,,A,,A,,A,,A
20202,04346862,6,0,1,,A,,A,40,D,,A,,A,,A,,A,,A,,A,,A,,A,,A
20202,04349332,8,0,1,,A,,A,300,D,,A,,A,,A,,A,,A,,A,,A,,A,,A
20202,04349752,2,0,1,,A,,A,59,D,,A,,A,,A,,A,,A,,A,,A,,A,,A
20202,04350722,2,0,1,300,D,600,D,,A,,A,,A,,A,,A,,A,,A,,A,,A,,A
20202,04350762,7,0,1,300,D,75,D,,A,,A,,A,,A,,A,,A,,A,,A,,A,,A
20202,04350972,9,0,1,130,D,100,D,,A,,A,,A,,A,,A,,A,,A,,A,,A,,A
20202,04351192,4,0,1,130,D,600,D,,A,,A,,A,,A,,A,,A,,A,,A,,A,,A
20202,04351452,7,0,1,210,D,100,D,,A,,A,,A,,A,,A,,A,,A,,A,,A,,A
20202,04351622,4,0,1,175,D,350,D,,A,,A,,A,,A,,A,,A,,A,,A,,A,,A
20202,04351972,6,0,1,290,D,650,D,,A,,A,,A,,A,,A,,A,,A,,A,,A,,A
20202,04378433,4,0,1,310,D,,H,,A,300,D,175,D,,A,,A,,A,,A,,A,,A,,A
20202,04378433,4,1,1,300,D,67,E,,A,,A,,A,,A,,A,,A,,A,,A,,A,,A
20202,04378433,4,2,1,175,D,233,E,,A,,A,,A,,A,,A,,A,,A,,A,,A,,A
20202,04380601,10,0,1,140,D,250,D,,A,,A,,A,,A,,A,,A,,A,,A,,A,,A
20202,04382361,18,0,1,,A,,A,100,D,,A,,A,,A,,A,,A,,A,,A,,A,,A
20202,04382421,12,0,1,175,D,300,D,,A,,A,,A,,A,,A,,A,,A,,A,,A,,A
20202,04382701,7,0,1,130,D,1100,D,,A,,A,,A,,A,,A,,A,,A,,A,,A,,A
20202,04384083,2,0,1,235,D,130,D,,A,,A,,A,,A,,A,,A,,A,,A,,A,,A
20202,04384771,4,0,1,,A,,A,300,D,,A,,A,,A,,A,,A,,A,,A,,A,,A
20202,04384962,28,0,1,175,D,120,D,,A,,A,,A,,A,,A,,A,,A,,A,,A,,A
20202,04386451,6,0,1,300,D,130,D,,A,,A,,A,,A,,A,,A,,A,,A,,A,,A
20202,04386834,6,0,1,300,D,101,D,,A,,A,,A,,A,,A,,A,,A,,A,,A,,A
20202,04386872,8,0,1,140,D,2500,D,,A,,A,,A,,A,,A,,A,,A,,A,,A,,A
20202,04387651,5,0,1,300,D,150,D,,A,,A,,A,,A,,A,,A,,A,,A,,A,,A
20202,04388184,5,0,1,175,D,150,D,,A,,A,,A,,A,,A,,A,,A,,A,,A,,A
20202,04388491,11,0,1,260,D,235,D,58,D,,A,,A,,A,,A,,A,,A,,A,,A,,A
20202,04392084,3,0,1,235,D,20,D,,A,,A,,A,,A,,A,,A,,A,,A,,A,,A
20202,04392431,6,0,1,160,D,150,D,,A,,A,,A,,A,,A,,A,,A,,A,,A,,A
20202,04393201,2,0,1,130,D,1000,D,,A,,A,,A,,A,,A,,A,,A,,A,,A,,A
20202,04393301,2,0,1,,A,,A,230,D,,A,,A,,A,,A,,A,,A,,A,,A,,A
20202,04394101,5,0,1,130,D,2500,D,,A,,A,,A,,A,,A,,A,,A,,A,,A,,A
20202,04395084,5,0,1,210,D,500,D,,A,,A,,A,,A,,A,,A,,A,,A,,A,,A
20202,04395133,4,0,1,175,D,100,D,,A,,A,,A,,A,,A,,A,,A,,A,,A,,A
20202,04396021,1,0,1,140,D,200,D,,A,,A,,A,,A,,A,,A,,A,,A,,A,,A
20202,04397211,2,0,1,140,D,500,D,100,D,,A,,A,,A,,A,,A,,A,,A,,A,,A
20202,04398353,5,0,1,,A,,A,220,D,,A,,A,,A,,A,,A,,A,,A,,A,,A
20202,04399242,4,0,1,310,D,,H,,A,140,D,175,D,,A,,A,,A,,A,,A,,A,,A
20202,04399242,4,1,1,175,D,460,E,,A,,A,,A,,A,,A,,A,,A,,A,,A,,A
20202,04399822,13,0,1,130,D,200,D,,A,,A,,A,,A,,A,,A,,A,,A,,A,,A
20202,04399862,4,0,1,,A,,A,560,F,,A,,A,,A,,A,,A,,A,,A,,A,,A
20202,04400611,9,0,1,,A,,A,100,D,,A,,A,,A,,A,,A,,A,,A,,A,,A
20202,04402091,9,0,1,235,D,249,D,,A,,A,,A,,A,,A,,A,,A,,A,,A,,A
20202,04402641,2,0,1,280,D,17000,T,,A,,A,,A,,A,,A,,A,,A,,A,,A,,A
20202,04403531,3,0,1,130,D,250,D,,A,,A,,A,,A,,A,,A,,A,,A,,A,,A
20202,04403691,3,0,1,310,D,,H,,A,300,D,175,D,,A,,A,,A,,A,,A,,A,,A
20202,04403691,3,1,1,300,D,73,E,,A,,A,,A,,A,,A,,A,,A,,A,,A,,A
20202,04403691,3,2,1,175,D,41,E,,A,,A,,A,,A,,A,,A,,A,,A,,A,,A
20202,04404271,3,0,1,130,D,500,D,,A,,A,,A,,A,,A,,A,,A,,A,,A,,A
20202,04405151,5,0,1,130,D,100,D,,A,,A,,A,,A,,A,,A,,A,,A,,A,,A
20202,04405471,1,0,1,140,D,380,D,150,D,,A,,A,,A,,A,,A,,A,,A,,A,,A
20202,04405831,5,0,1,175,D,50,D,,A,,A,,A,,A,,A,,A,,A,,A,,A,,A
20202,04405981,9,0,1,,A,,A,200,D,,A,,A,,A,,A,,A,,A,,A,,A,,A
20202,04406663,10,0,1,,A,,A,350,D,,A,,A,,A,,A,,A,,A,,A,,A,,A
20202,04406691,2,0,1,235,D,100,D,,A,,A,,A,,A,,A,,A,,A,,A,,A,,A
20202,04406951,9,0,1,300,D,70,D,,A,,A,,A,,A,,A,,A,,A,,A,,A,,A
20202,04407081,5,0,1,175,D,120,D,,A,,A,,A,,A,,A,,A,,A,,A,,A,,A
20202,04407471,2,0,1,300,D,4000,D,,A,,A,,A,,A,,A,,A,,A,,A,,A,,A
20202,04407661,13,0,1,,A,,A,30,D,,A,,A,,A,,A,,A,,A,,A,,A,,A
20202,04407751,12,0,1,,A,,A,354,D,,A,,A,,A,,A,,A,,A,,A,,A,,A
20202,04407871,2,0,1,,A,,A,30,D,,A,,A,,A,,A,,A,,A,,A,,A,,A
20202,04408454,5,0,1,130,D,1000,D,,A,,A,,A,,A,,A,,A,,A,,A,,A,,A
20202,04408791,3,0,1,280,D,430,D,,A,,A,,A,,A,,A,,A,,A,,A,,A,,A
20202,04411031,7,0,1,175,D,3800,D,,A,,A,,A,,A,,A,,A,,A,,A,,A,,A
20202,04411073,5,0,1,235,D,70,D,,A,,A,,A,,A,,A,,A,,A,,A,,A,,A
20202,04412321,9,0,1,300,D,400,D,250,D,,A,,A,,A,,A,,A,,A,,A,,A,,A
20202,04412864,4,0,1,,A,,A,240,D,,A,,A,,A,,A,,A,,A,,A,,A,,A
20202,04414921,2,0,1,300,D,30,D,,A,,A,,A,,A,,A,,A,,A,,A,,A,,A
20202,04414974,8,0,1,300,D,200,D,,A,,A,,A,,A,,A,,A,,A,,A,,A,,A
20202,04415151,12,0,1,210,D,900,D,,A,,A,,A,,A,,A,,A,,A,,A,,A,,A
20202,04415701,11,0,1,,A,,A,25,D,,A,,A,,A,,A,,A,,A,,A,,A,,A
20202,04416201,18,0,1,235,D,100,D,,A,,A,,A,,A,,A,,A,,A,,A,,A,,A
20202,04416591,4,0,1,220,D,400,D,,A,,A,,A,,A,,A,,A,,A,,A,,A,,A
20202,04418201,13,0,1,,A,,A,200,D,,A,,A,,A,,A,,A,,A,,A,,A,,A
20202,04419201,6,0,1,190,D,100,D,,A,,A,,A,,A,,A,,A,,A,,A,,A,,A
20202,04419341,4,0,1,175,D,150,D,,A,,A,,A,,A,,A,,A,,A,,A,,A,,A
20202,04419751,9,0,1,175,D,112,D,,A,,A,,A,,A,,A,,A,,A,,A,,A,,A
20203,04267334,3,0,1,175,D,50,D,,A,,A,,A,,A,,A,,A,,A,,A,,A,,A
20203,04268744,3,0,1,150,D,800,D,,A,,A,,A,,A,,A,,A,,A,,A,,A,,A
20203,04269144,10,0,1,240,D,28,D,,A,,A,,A,,A,,A,,A,,A,,A,,A,,A
20203,04270244,10,0,1,140,D,1257,D,,A,,A,,A,,A,,A,,A,,A,,A,,A,,A
20203,04270304,6,0,1,235,D,400,D,,A,,A,,A,,A,,A,,A,,A,,A,,A,,A
20203,04270334,5,0,1,200,D,250,D,,A,,A,,A,,A,,A,,A,,A,,A,,A,,A
20203,04271204,3,0,1,130,D,600,D,,A,,A,,A,,A,,A,,A,,A,,A,,A,,A
20203,04273444,14,0,1,190,D,300,D,,A,,A,,A,,A,,A,,A,,A,,A,,A,,A
20203,04276214,7,0,1,,A,,A,35,D,,A,,A,,A,,A,,A,,A,,A,,A,,A
20203,04276444,5,0,1,310,D,,H,,A,310,D,175,D,,A,,A,,A,,A,,A,,A,,A
20203,04276444,5,1,1,175,D,54,E,,A,,A,,A,,A,,A,,A,,A,,A,,A,,A
20203,04276444,5,2,1,300,D,131,E,,A,,A,,A,,A,,A,,A,,A,,A,,A,,A
20203,04279204,5,0,1,,A,,A,55,D,,A,,A,,A,,A,,A,,A,,A,,A,,A
20203,04281074,4,0,1,,A,,A,200,D,,A,,A,,A,,A,,A,,A,,A,,A,,A
20203,04281694,4,0,1,,A,,A,50,D,,A,,A,,A,,A,,A,,A,,A,,A,,A
20203,04282024,9,0,1,210,D,100,D,,A,,A,,A,,A,,A,,A,,A,,A,,A,,A
20203,04283214,6,0,1,300,D,495,D,,A,,A,,A,,A,,A,,A,,A,,A,,A,,A
20203,04283874,3,0,1,235,D,189,D,,A,,A,,A,,A,,A,,A,,A,,A,,A,,A
20203,04288794,3,0,1,300,D,75,D,,A,,A,,A,,A,,A,,A,,A,,A,,A,,A
20203,04289994,9,0,1,,A,,A,100,D,,A,,A,,A,,A,,A,,A,,A,,A,,A
20203,04293014,13,0,1,300,D,117,D,100,D,,A,,A,,A,,A,,A,,A,,A,,A,,A
20203,04293044,10,0,1,140,D,70,D,,A,,A,,A,,A,,A,,A,,A,,A,,A,,A
20203,04293524,20,0,1,,A,,A,40,D,,A,,A,,A,,A,,A,,A,,A,,A,,A
20203,04293924,12,0,1,130,D,4000,D,,A,,A,,A,,A,,A,,A,,A,,A,,A,,A
20203,04295084,3,0,1,130,D,2000,D,,A,,A,,A,,A,,A,,A,,A,,A,,A,,A
20203,04296404,19,0,1,,A,,A,40,D,,A,,A,,A,,A,,A,,A,,A,,A,,A
20203,04296824,6,0,1,,A,,A,12,D,,A,,A,,A,,A,,A,,A,,A,,A,,A
20203,04298204,6,0,1,235,D,2500,D,,A,,A,,A,,A,,A,,A,,A,,A,,A,,A
20203,04312143,3,0,1,130,D,240,D,,A,,A,,A,,A,,A,,A,,A,,A,,A,,A
20203,04313113,9,0,1,300,D,759,D,,A,,A,,A,,A,,A,,A,,A,,A,,A,,A
20203,04316883,2,0,1,,A,,A,100,D,,A,,A,,A,,A,,A,,A,,A,,A,,A
20203,04317684,7,0,1,,A,,A,75,D,,A,,A,,A,,A,,A,,A,,A,,A,,A
20203,04317963,2,0,1,310,D,,H,,A,300,D,160,D,,A,,A,,A,,A,,A,,A,,A
20203,04317963,2,1,1,300,D,500,E,,A,,A,,A,,A,,A,,A,,A,,A,,A,,A
20203,04318103,2,0,1,175,D,55,D,,A,,A,,A,,A,,A,,A,,A,,A,,A,,A
20203,04319453,9,0,1,300,D,70,D,,A,,A,,A,,A,,A,,A,,A,,A,,A,,A
20203,04320473,3,0,1,,A,,A,300,D,,A,,A,,A,,A,,A,,A,,A,,A,,A
20203,04321093,6,0,1,,A,,A,150,D,,A,,A,,A,,A,,A,,A,,A,,A,,A
20203,04321343,5,0,1,175,D,54,D,,A,,A,,A,,A,,A,,A,,A,,A,,A,,A
20203,04322133,6,0,1,280,D,410,D,,A,,A,,A,,A,,A,,A,,A,,A,,A,,A
20203,04325263,4,0,1,130,D,1300,D,,A,,A,,A,,A,,A,,A,,A,,A,,A,,A
20203,04325303,17,0,1,235,D,400,D,,A,,A,,A,,A,,A,,A,,A,,A,,A,,A
20203,04326423,6,0,1,175,D,1650,D,,A,,A,,A,,A,,A,,A,,A,,A,,A,,A
20203,04326953,9,0,1,200,D,800,D,,A,,A,,A,,A,,A,,A,,A,,A,,A,,A
20203,04327353,8,0,1,175,D,240,D,,A,,A,,A,,A,,A,,A,,A,,A,,A,,A
20203,04327453,9,0,1,300,D,2000,D,6500,D,,A,,A,,A,,A,,A,,A,,A,,A,,A
20203,04327543,11,0,1,160,D,300,D,,A,,A,,A,,A,,A,,A,,A,,A,,A,,A
20203,04328973,9,0,1,130,D,300,D,,A,,A,,A,,A,,A,,A,,A,,A,,A,,A
20203,04329473,16,0,1,300,D,462,D,,A,,A,,A,,A,,A,,A,,A,,A,,A,,A
20203,04330213,6,0,1,130,D,19,D,,A,,A,,A,,A,,A,,A,,A,,A,,A,,A
20203,04331053,6,0,1,,A,,A,150,D,,A,,A,,A,,A,,A,,A,,A,,A,,A
20203,04341593,9,0,1,,A,,A,50,D,,A,,A,,A,,A,,A,,A,,A,,A,,A
20203,04342983,3,0,1,,A,,A,400,D,,A,,A,,A,,A,,A,,A,,A,,A,,A
20203,04343913,3,0,1,,A,,A,1100,D,,A,,A,,A,,A,,A,,A,,A,,A,,A
20203,04344873,9,0,1,130,D,5221,D,,A,,A,,A,,A,,A,,A,,A,,A,,A,,A
20203,04345093,8,0,1,300,D,300,D,,A,,A,,A,,A,,A,,A,,A,,A,,A,,A
20203,04346763,6,0,1,,A,,A,300,D,,A,,A,,A,,A,,A,,A,,A,,A,,A
20203,04346883,3,0,1,120,D,100,D,,A,,A,,A,,A,,A,,A,,A,,A,,A,,A
20203,04347033,3,0,1,,A,,A,150,D,,A,,A,,A,,A,,A,,A,,A,,A,,A
20203,04347353,4,0,1,160,D,120,D,,A,,A,,A,,A,,A,,A,,A,,A,,A,,A
20203,04347463,10,0,1,,A,,A,120,D,,A,,A,,A,,A,,A,,A,,A,,A,,A
20203,04347763,5,0,1,300,D,300,D,,A,,A,,A,,A,,A,,A,,A,,A,,A,,A
20203,04347893,2,0,1,,A,,A,21,D,,A,,A,,A,,A,,A,,A,,A,,A,,A
20203,04348893,6,0,1,160,D,400,D,,A,,A,,A,,A,,A,,A,,A,,A,,A,,A
20203,04350503,3,0,1,235,D,25,D,,A,,A,,A,,A,,A,,A,,A,,A,,A,,A
20203,04350723,4,0,1,300,D,200,D,,A,,A,,A,,A,,A,,A,,A,,A,,A,,A
20203,04350973,5,0,1,300,D,250,D,,A,,A,,A,,A,,A,,A,,A,,A,,A,,A
20203,04351193,10,0,1,280,D,440,D,,A,,A,,A,,A,,A,,A,,A,,A,,A,,A
20203,04378443,6,0,1,235,D,800,D,,A,,A,,A,,A,,A,,A,,A,,A,,A,,A
20203,04378612,9,0,1,,A,,A,24,D,,A,,A,,A,,A,,A,,A,,A,,A,,A
20203,04378872,5,0,1,300,D,80,D,,A,,A,,A,,A,,A,,A,,A,,A,,A,,A
20203,04380552,20,0,1,,A,,A,100,D,,A,,A,,A,,A,,A,,A,,A,,A,,A
20203,04380602,6,0,1,300,D,500,D,,A,,A,,A,,A,,A,,A,,A,,A,,A,,A
20203,04381212,5,0,1,,A,,A,12,D,,A,,A,,A,,A,,A,,A,,A,,A,,A
20203,04382422,17,0,1,120,D,1200,D,,A,,A,,A,,A,,A,,A,,A,,A,,A,,A
20203,04383552,15,0,1,300,D,400,D,,A,,A,,A,,A,,A,,A,,A,,A,,A,,A
20203,04384612,8,0,1,300,D,250,D,,A,,A,,A,,A,,A,,A,,A,,A,,A,,A
20203,04384842,23,0,1,175,D,80,D,,A,,A,,A,,A,,A,,A,,A,,A,,A,,A
20203,04386764,5,0,1,280,D,17000,T,,A,,A,,A,,A,,A,,A,,A,,A,,A,,A
20203,04386892,5,0,1,130,D,18,D,,A,,A,,A,,A,,A,,A,,A,,A,,A,,A
20203,04388492,4,0,1,190,D,126,D,,A,,A,,A,,A,,A,,A,,A,,A,,A,,A
20203,04390382,9,0,1,,A,,A,200,D,,A,,A,,A,,A,,A,,A,,A,,A,,A
20203,04391382,6,0,1,,A,,A,300,D,,A,,A,,A,,A,,A,,A,,A,,A,,A
20203,04393692,2,0,1,130,D,350,D,,A,,A,,A,,A,,A,,A,,A,,A,,A,,A
20203,04394902,2,0,1,300,D,1500,D,,A,,A,,A,,A,,A,,A,,A,,A,,A,,A
20203,04395852,10,0,1,300,D,60,D,,A,,A,,A,,A,,A,,A,,A,,A,,A,,A
20203,04399722,4,0,1,260,D,1000,D,,A,,A,,A,,A,,A,,A,,A,,A,,A,,A
20203,04399863,2,0,1,,A,,A,800,D,,A,,A,,A,,A,,A,,A,,A,,A,,A
20203,04401162,1,0,1,290,D,800,D,,A,,A,,A,,A,,A,,A,,A,,A,,A,,A
20203,04401282,11,0,1,300,D,60,D,,A,,A,,A,,A,,A,,A,,A,,A,,A,,A
20203,04401802,6,0,1,300,D,800,D,,A,,A,,A,,A,,A,,A,,A,,A,,A,,A
20203,04402332,4,0,1,,A,,A,200,D,,A,,A,,A,,A,,A,,A,,A,,A,,A
20203,04405152,7,0,1,,A,,A,100,D,,A,,A,,A,,A,,A,,A,,A,,A,,A
20203,04405472,2,0,1,100,D,1300,D,2500,D,,A,,A,,A,,A,,A,,A,,A,,A,,A
20203,04407202,5,0,1,280,D,420,D,,A,,A,,A,,A,,A,,A,,A,,A,,A,,A
20203,04407332,7,0,1,,A,,A,100,D,,A,,A,,A,,A,,A,,A,,A,,A,,A
20203,04407432,4,0,1,,A,,A,450,D,,A,,A,,A,,A,,A,,A,,A,,A,,A
20203,04407854,2,0,1,175,D,500,D,,A,,A,,A,,A,,A,,A,,A,,A,,A,,A
20203,04408162,15,0,1,,A,,A,59,D,,A,,A,,A,,A,,A,,A,,A,,A,,A
20203,04408204,7,0,1,175,D,200,D,,A,,A,,A,,A,,A,,A,,A,,A,,A,,A
20203,04408512,9,0,1,175,D,125,D,,A,,A,,A,,A,,A,,A,,A,,A,,A,,A
20203,04408583,8,0,1,175,D,200,D,,A,,A,,A,,A,,A,,A,,A,,A,,A,,A
20203,04409592,2,0,1,235,D,300,D,,A,,A,,A,,A,,A,,A,,A,,A,,A,,A
20203,04409922,5,0,1,,A,,A,200,D,,A,,A,,A,,A,,A,,A,,A,,A,,A
20203,04410543,3,0,1,130,D,150,D,,A,,A,,A,,A,,A,,A,,A,,A,,A,,A
20203,04410952,6,0,1,140,D,60,D,,A,,A,,A,,A,,A,,A,,A,,A,,A,,A
20203,04411412,7,0,1,,A,,A,200,D,,A,,A,,A,,A,,A,,A,,A,,A,,A
20203,04414122,6,0,1,300,D,70,F,,A,,A,,A,,A,,A,,A,,A,,A,,A,,A
20203,04414392,8,0,1,300,D,34,D,,A,,A,,A,,A,,A,,A,,A,,A,,A,,A
20203,04417652,12,0,1,235,D,100,D,,A,,A,,A,,A,,A,,A,,A,,A,,A,,A
20203,04418092,15,0,1,,A,,A,50,D,,A,,A,,A,,A,,A,,A,,A,,A,,A
20203,04418683,7,0,1,175,D,45,D,,A,,A,,A,,A,,A,,A,,A,,A,,A,,A
20203,04419072,2,0,1,200,D,165,D,300,D,,A,,A,,A,,A,,A,,A,,A,,A,,A
20203,04419182,3,0,1,280,D,30,D,,A,,A,,A,,A,,A,,A,,A,,A,,A,,A
20203,04419342,2,0,1,300,D,150,D,,A,,A,,A,,A,,A,,A,,A,,A,,A,,A
20203,04419652,3,0,1,,A,,A,80,D,,A,,A,,A,,A,,A,,A,,A,,A,,A
20203,04419662,4,0,1,175,D,50,D,,A,,A,,A,,A,,A,,A,,A,,A,,A,,A
20203,04421191,4,0,1,300,D,200,D,,A,,A,,A,,A,,A,,A,,A,,A,,A,,A
20203,04422311,6,0,1,190,D,11,D,20,D,,A,,A,,A,,A,,A,,A,,A,,A,,A
20203,04422591,1,0,1,,A,,A,8,D,,A,,A,,A,,A,,A,,A,,A,,A,,A
20203,04423101,3,0,1,120,D,400,D,,A,,A,,A,,A,,A,,A,,A,,A,,A,,A
20203,04423881,8,0,1,,A,,A,430,D,,A,,A,,A,,A,,A,,A,,A,,A,,A
20203,04425751,5,0,1,175,D,300,D,,A,,A,,A,,A,,A,,A,,A,,A,,A,,A
20203,04425861,12,0,1,,A,,A,150,D,,A,,A,,A,,A,,A,,A,,A,,A,,A
20203,04426041,5,0,1,160,D,100,D,,A,,A,,A,,A,,A,,A,,A,,A,,A,,A
20203,04426101,8,0,1,,A,,A,50,D,,A,,A,,A,,A,,A,,A,,A,,A,,A
20203,04429341,5,0,1,,A,,A,10,D,,A,,A,,A,,A,,A,,A,,A,,A,,A
20203,04429621,2,0,1,,A,,A,150,D,,A,,A,,A,,A,,A,,A,,A,,A,,A
20203,04431071,10,0,1,175,D,10,D,20,D,,A,,A,,A,,A,,A,,A,,A,,A,,A
20203,04461811,14,0,1,175,D,115,D,,A,,A,,A,,A,,A,,A,,A,,A,,A,,A
20203,04463171,3,0,1,,A,,A,300,D,,A,,A,,A,,A,,A,,A,,A,,A,,A
20203,04464771,7,0,1,175,D,12,D,,A,,A,,A,,A,,A,,A,,A,,A,,A,,A
20203,04464991,8,0,1,,A,,A,100,D,,A,,A,,A,,A,,A,,A,,A,,A,,A
20203,04465111,9,0,1,,A,,A,200,D,,A,,A,,A,,A,,A,,A,,A,,A,,A
20203,04465361,10,0,1,,A,,A,500,D,,A,,A,,A,,A,,A,,A,,A,,A,,A
20203,04466321,6,0,1,,A,,A,25,D,,A,,A,,A,,A,,A,,A,,A,,A,,A
20203,04467431,7,0,1,300,D,500,D,,A,,A,,A,,A,,A,,A,,A,,A,,A,,A
20203,04468201,6,0,1,,A,,A,80,D,,A,,A,,A,,A,,A,,A,,A,,A,,A
20203,04468921,5,0,1,160,D,1200,D,,A,,A,,A,,A,,A,,A,,A,,A,,A,,A
20203,04469011,11,0,1,130,D,600,D,,A,,A,,A,,A,,A,,A,,A,,A,,A,,A
20203,04469371,2,0,1,235,D,536,D,,A,,A,,A,,A,,A,,A,,A,,A,,A,,A
20203,04472671,17,0,1,300,D,20,D,,A,,A,,A,,A,,A,,A,,A,,A,,A,,A
20203,04504551,13,0,1,130,D,500,D,,A,,A,,A,,A,,A,,A,,A,,A,,A,,A
20203,04504661,5,0,1,310,D,,H,,A,175,D,235,D,300,D,,A,,A,,A,,A,,A,,A
20203,04504661,5,1,1,175,D,33,E,,A,,A,,A,,A,,A,,A,,A,,A,,A,,A
20203,04504661,5,2,1,300,D,307,E,,A,,A,,A,,A,,A,,A,,A,,A,,A,,A
20203,04505401,9,0,1,235,D,2000,D,,A,,A,,A,,A,,A,,A,,A,,A,,A,,A
20203,04505571,7,0,1,175,D,220,D,,A,,A,,A,,A,,A,,A,,A,,A,,A,,A
20203,04509881,11,0,1,,A,,A,90,D,,A,,A,,A,,A,,A,,A,,A,,A,,A
20203,04510261,8,0,1,130,D,100,D,,A,,A,,A,,A,,A,,A,,A,,A,,A,,A
20203,04510391,14,0,1,175,D,100,D,,A,,A,,A,,A,,A,,A,,A,,A,,A,,A
20203,04512521,18,0,1,310,D,,H,,A,300,D,210,D,,A,,A,,A,,A,,A,,A,,A
20203,04512521,18,1,1,300,D,500,E,,A,,A,,A,,A,,A,,A,,A,,A,,A,,A
20203,04513021,10,0,1,220,D,2000,D,150,D,,A,,A,,A,,A,,A,,A,,A,,A,,A
20203,04513581,11,0,1,270,D,200,D,,A,,A,,A,,A,,A,,A,,A,,A,,A,,A
20203,04514061,5,0,1,190,D,65,D,,A,,A,,A,,A,,A,,A,,A,,A,,A,,A
20204,04310304,1,0,1,300,D,700,D,,A,,A,,A,,A,,A,,A,,A,,A,,A,,A
20204,04310664,3,0,1,140,D,250,D,,A,,A,,A,,A,,A,,A,,A,,A,,A,,A
20204,04311774,5,0,1,150,D,500,D,,A,,A,,A,,A,,A,,A,,A,,A,,A,,A
20204,04312014,15,0,1,175,D,250,D,,A,,A,,A,,A,,A,,A,,A,,A,,A,,A
20204,04313104,4,0,1,,A,,A,50,D,,A,,A,,A,,A,,A,,A,,A,,A,,A
20204,04313854,4,0,1,200,D,89,D,,A,,A,,A,,A,,A,,A,,A,,A,,A,,A
20204,04313864,5,0,1,130,D,725,D,,A,,A,,A,,A,,A,,A,,A,,A,,A,,A
20204,04314294,5,0,1,200,D,75,D,,A,,A,,A,,A,,A,,A,,A,,A,,A,,A
20204,04314434,9,0,1,130,D,1164,D,,A,,A,,A,,A,,A,,A,,A,,A,,A,,A
20204,04314744,11,0,1,175,D,20,D,,A,,A,,A,,A,,A,,A,,A,,A,,A,,A
20204,04315234,3,0,1,235,D,11268,T,,A,,A,,A,,A,,A,,A,,A,,A,,A,,A
20204,04316104,3,0,1,,A,,A,50,D,,A,,A,,A,,A,,A,,A,,A,,A,,A
20204,04316214,5,0,1,200,D,135,D,15,D,,A,,A,,A,,A,,A,,A,,A,,A,,A
20204,04316284,6,0,1,,A,,A,150,D,,A,,A,,A,,A,,A,,A,,A,,A,,A
20204,04316444,6,0,1,300,D,85,D,,A,,A,,A,,A,,A,,A,,A,,A,,A,,A
20204,04316524,3,0,1,,A,,A,150,D,,A,,A,,A,,A,,A,,A,,A,,A,,A
20204,04316984,6,0,1,300,D,516,D,,A,,A,,A,,A,,A,,A,,A,,A,,A,,A
20204,04317624,3,0,1,,A,,A,10,D,,A,,A,,A,,A,,A,,A,,A,,A,,A
20204,04318054,13,0,1,235,D,130,D,,A,,A,,A,,A,,A,,A,,A,,A,,A,,A
20204,04318454,5,0,1,,A,,A,40,D,,A,,A,,A,,A,,A,,A,,A,,A,,A
20204,04319504,8,0,1,300,D,200,D,,A,,A,,A,,A,,A,,A,,A,,A,,A,,A
20204,04320174,1,0,1,175,D,40,D,,A,,A,,A,,A,,A,,A,,A,,A,,A,,A
20204,04320644,10,0,1,300,D,200,D,,A,,A,,A,,A,,A,,A,,A,,A,,A,,A
20204,04323474,1,0,1,,A,,A,150,D,,A,,A,,A,,A,,A,,A,,A,,A,,A
20204,04323914,7,0,1,,A,,A,33,D,,A,,A,,A,,A,,A,,A,,A,,A,,A
20204,04325134,6,0,1,235,D,200,D,,A,,A,,A,,A,,A,,A,,A,,A,,A,,A
20204,04325264,4,0,1,130,D,2000,D,,A,,A,,A,,A,,A,,A,,A,,A,,A,,A
20204,04325714,2,0,1,300,D,200,D,,A,,A,,A,,A,,A,,A,,A,,A,,A,,A
20204,04326134,2,0,1,130,D,1000,D,,A,,A,,A,,A,,A,,A,,A,,A,,A,,A
20204,04326714,2,0,1,300,D,1600,D,,A,,A,,A,,A,,A,,A,,A,,A,,A,,A
20204,04327554,9,0,1,300,D,5,D,,A,,A,,A,,A,,A,,A,,A,,A,,A,,A
20204,04327644,13,0,1,140,D,3000,D,,A,,A,,A,,A,,A,,A,,A,,A,,A,,A
20204,04329474,18,0,1,,A,,A,34,D,,A,,A,,A,,A,,A,,A,,A,,A,,A
20204,04329754,3,0,1,130,D,320,D,,A,,A,,A,,A,,A,,A,,A,,A,,A,,A
20204,04330024,13,0,1,130,D,2500,D,,A,,A,,A,,A,,A,,A,,A,,A,,A,,A
20204,04331274,3,0,1,175,D,14,D,,A,,A,,A,,A,,A,,A,,A,,A,,A,,A
20204,04341894,6,0,1,130,D,20,D,,A,,A,,A,,A,,A,,A,,A,,A,,A,,A
20204,04342984,4,0,1,,A,,A,280,D,,A,,A,,A,,A,,A,,A,,A,,A,,A
20204,04343294,5,0,1,130,D,200,D,,A,,A,,A,,A,,A,,A,,A,,A,,A,,A
20204,04344094,1,0,1,,A,,A,300,D,,A,,A,,A,,A,,A,,A,,A,,A,,A
20204,04346484,2,0,1,300,D,2300,D,,A,,A,,A,,A,,A,,A,,A,,A,,A,,A
20204,04346504,4,0,1,,A,,A,150,D,,A,,A,,A,,A,,A,,A,,A,,A,,A
20204,04347034,1,0,1,,A,,A,350,D,,A,,A,,A,,A,,A,,A,,A,,A,,A
20204,04347464,9,0,1,200,D,140,D,,A,,A,,A,,A,,A,,A,,A,,A,,A,,A
20204,04350184,1,0,1,200,D,75,D,,A,,A,,A,,A,,A,,A,,A,,A,,A,,A
20204,04378633,5,0,1,175,D,11268,T,,A,,A,,A,,A,,A,,A,,A,,A,,A,,A
20204,04379303,3,0,1,,A,,A,790,D,,A,,A,,A,,A,,A,,A,,A,,A,,A
20204,04379463,9,0,1,160,D,300,D,100,D,,A,,A,,A,,A,,A,,A,,A,,A,,A
20204,04380473,19,0,1,200,D,80,D,,A,,A,,A,,A,,A,,A,,A,,A,,A,,A
20204,04381013,2,0,1,,A,,A,25,D,,A,,A,,A,,A,,A,,A,,A,,A,,A
20204,04381693,4,0,1,130,D,100,D,,A,,A,,A,,A,,A,,A,,A,,A,,A,,A
20204,04382453,4,0,1,175,D,300,D,,A,,A,,A,,A,,A,,A,,A,,A,,A,,A
20204,04382713,1,0,1,235,D,100,D,,A,,A,,A,,A,,A,,A,,A,,A,,A,,A
20204,04384153,2,0,1,120,D,686,D,,A,,A,,A,,A,,A,,A,,A,,A,,A,,A
20204,04386243,6,0,1,,A,,A,15,D,,A,,A,,A,,A,,A,,A,,A,,A,,A
20204,04386583,5,0,1,280,D,1452,D,,A,,A,,A,,A,,A,,A,,A,,A,,A,,A
20204,04387004,13,0,1,300,D,80,D,,A,,A,,A,,A,,A,,A,,A,,A,,A,,A
20204,04387923,5,0,1,,A,,A,300,D,,A,,A,,A,,A,,A,,A,,A,,A,,A
20204,04388763,5,0,1,300,D,250,D,,A,,A,,A,,A,,A,,A,,A,,A,,A,,A
20204,04388993,9,0,1,200,D,83,D,,A,,A,,A,,A,,A,,A,,A,,A,,A,,A
20204,04389273,4,0,1,,A,,A,55,D,,A,,A,,A,,A,,A,,A,,A,,A,,A
20204,04389683,4,0,1,200,D,100,D,60,D,,A,,A,,A,,A,,A,,A,,A,,A,,A
20204,04389733,3,0,1,175,D,25,D,,A,,A,,A,,A,,A,,A,,A,,A,,A,,A
20204,04390243,14,0,1,140,D,125,D,,A,,A,,A,,A,,A,,A,,A,,A,,A,,A
20204,04390663,7,0,1,120,D,140,D,,A,,A,,A,,A,,A,,A,,A,,A,,A,,A
20204,04390763,6,0,1,310,D,,H,,A,300,D,200,D,,A,,A,,A,,A,,A,,A,,A
20204,04390763,6,1,1,300,D,376,E,,A,,A,,A,,A,,A,,A,,A,,A,,A,,A
20204,04390763,6,2,1,200,D,224,E,,A,,A,,A,,A,,A,,A,,A,,A,,A,,A
20204,04393693,5,0,1,130,D,250,D,,A,,A,,A,,A,,A,,A,,A,,A,,A,,A
20204,04393953,5,0,1,,A,,A,1500,D,,A,,A,,A,,A,,A,,A,,A,,A,,A
20204,04395203,9,0,1,,A,,A,25,D,,A,,A,,A,,A,,A,,A,,A,,A,,A
20204,04395283,8,0,1,175,D,768,D,,A,,A,,A,,A,,A,,A,,A,,A,,A,,A
20204,04396273,5,0,1,300,D,100,D,,A,,A,,A,,A,,A,,A,,A,,A,,A,,A
20204,04398913,3,0,1,,A,,A,20,D,,A,,A,,A,,A,,A,,A,,A,,A,,A
20204,04399203,7,0,1,,A,,A,450,D,,A,,A,,A,,A,,A,,A,,A,,A,,A
20204,04399723,4,0,1,,A,,A,750,D,,A,,A,,A,,A,,A,,A,,A,,A,,A
20204,04399953,16,0,1,,A,,A,500,D,,A,,A,,A,,A,,A,,A,,A,,A,,A
20204,04400453,2,0,1,210,D,30,D,,A,,A,,A,,A,,A,,A,,A,,A,,A,,A
20204,04401853,1,0,1,175,D,107,D,,A,,A,,A,,A,,A,,A,,A,,A,,A,,A
20204,04402093,2,0,1,190,D,250,D,,A,,A,,A,,A,,A,,A,,A,,A,,A,,A
20204,04403463,6,0,1,235,D,55,D,,A,,A,,A,,A,,A,,A,,A,,A,,A,,A
20204,04406013,22,0,1,175,D,60,D,,A,,A,,A,,A,,A,,A,,A,,A,,A,,A
20204,04407333,5,0,1,,A,,A,20,D,,A,,A,,A,,A,,A,,A,,A,,A,,A
20204,04408043,6,0,1,,A,,A,50,D,,A,,A,,A,,A,,A,,A,,A,,A,,A
20204,04411373,5,0,1,300,D,200,D,,A,,A,,A,,A,,A,,A,,A,,A,,A,,A
20204,04411413,9,0,1,200,D,100,D,,A,,A,,A,,A,,A,,A,,A,,A,,A,,A
20204,04412533,5,0,1,130,D,100,D,,A,,A,,A,,A,,A,,A,,A,,A,,A,,A
20204,04415413,4,0,1,,A,,A,30,D,,A,,A,,A,,A,,A,,A,,A,,A,,A
20204,04416313,6,0,1,,A,,A,200,D,,A,,A,,A,,A,,A,,A,,A,,A,,A
20204,04417653,6,0,1,300,D,50,D,,A,,A,,A,,A,,A,,A,,A,,A,,A,,A
20204,04417723,9,0,1,300,D,1010,D,300,D,,A,,A,,A,,A,,A,,A,,A,,A,,A
20204,04418684,6,0,1,,A,,A,7,D,,A,,A,,A,,A,,A,,A,,A,,A,,A
20204,04419073,2,0,1,200,D,160,D,,A,,A,,A,,A,,A,,A,,A,,A,,A,,A
20204,04419673,4,0,1,,A,,A,300,D,,A,,A,,A,,A,,A,,A,,A,,A,,A
20204,04420512,3,0,1,175,D,140,D,,A,,A,,A,,A,,A,,A,,A,,A,,A,,A
20204,04422792,3,0,1,300,D,700,D,,A,,A,,A,,A,,A,,A,,A,,A,,A,,A
20204,04422802,8,0,1,,A,,A,100,D,,A,,A,,A,,A,,A,,A,,A,,A,,A
20204,04423282,9,0,1,280,D,450,D,,A,,A,,A,,A,,A,,A,,A,,A,,A,,A
20204,04423492,6,0,1,300,D,2950,D,,A,,A,,A,,A,,A,,A,,A,,A,,A,,A
20204,04424472,2,0,1,280,D,30,D,,A,,A,,A,,A,,A,,A,,A,,A,,A,,A
20204,04425652,2,0,1,140,D,100,D,,A,,A,,A,,A,,A,,A,,A,,A,,A,,A
20204,04425772,10,0,1,175,D,200,D,,A,,A,,A,,A,,A,,A,,A,,A,,A,,A
20204,04425862,18,0,1,120,D,1412,D,,A,,A,,A,,A,,A,,A,,A,,A,,A,,A
20204,04426342,8,0,1,,A,,A,10,D,,A,,A,,A,,A,,A,,A,,A,,A,,A
20204,04427592,13,0,1,175,D,100,D,,A,,A,,A,,A,,A,,A,,A,,A,,A,,A
20204,04428292,1,0,1,175,D,100,D,,A,,A,,A,,A,,A,,A,,A,,A,,A,,A
20204,04429842,20,0,1,,A,,A,350,D,,A,,A,,A,,A,,A,,A,,A,,A,,A
20204,04430292,5,0,1,310,D,,H,,A,310,D,140,D,,A,,A,,A,,A,,A,,A,,A
20204,04430292,5,1,1,175,D,82,E,,A,,A,,A,,A,,A,,A,,A,,A,,A,,A
20204,04430292,5,2,1,280,D,18,E,,A,,A,,A,,A,,A,,A,,A,,A,,A,,A
20204,04461592,14,0,1,280,D,700,D,,A,,A,,A,,A,,A,,A,,A,,A,,A,,A
20204,04462812,5,0,1,130,D,5500,D,,A,,A,,A,,A,,A,,A,,A,,A,,A,,A
20204,04462993,8,0,1,,A,,A,20,D,,A,,A,,A,,A,,A,,A,,A,,A,,A
20204,04463172,1,0,1,,A,,A,3500,D,,A,,A,,A,,A,,A,,A,,A,,A,,A
20204,04464162,14,0,1,,A,,A,3000,D,,A,,A,,A,,A,,A,,A,,A,,A,,A
20204,04465352,4,0,1,100,D,4500,D,4500,D,,A,,A,,A,,A,,A,,A,,A,,A,,A
20204,04468482,20,0,1,300,D,37,D,,A,,A,,A,,A,,A,,A,,A,,A,,A,,A
20204,04468852,10,0,1,175,D,120,D,,A,,A,,A,,A,,A,,A,,A,,A,,A,,A
20204,04468922,6,0,1,235,D,150,D,50,D,,A,,A,,A,,A,,A,,A,,A,,A,,A
20204,04469542,15,0,1,290,D,110,D,,A,,A,,A,,A,,A,,A,,A,,A,,A,,A
20204,04469772,3,0,1,,A,,A,23,D,,A,,A,,A,,A,,A,,A,,A,,A,,A
20204,04471522,4,0,1,,A,,A,100,D,,A,,A,,A,,A,,A,,A,,A,,A,,A
20204,04472632,5,0,1,130,D,280,D,,A,,A,,A,,A,,A,,A,,A,,A,,A,,A
20204,04472672,13,0,1,175,D,15,D,,A,,A,,A,,A,,A,,A,,A,,A,,A,,A
20204,04503252,4,0,1,300,D,200,D,,A,,A,,A,,A,,A,,A,,A,,A,,A,,A
20204,04503442,4,0,1,200,D,324,D,,A,,A,,A,,A,,A,,A,,A,,A,,A,,A
20204,04504762,11,0,1,,A,,A,20,D,,A,,A,,A,,A,,A,,A,,A,,A,,A
20204,04504842,1,0,1,175,D,40,D,,A,,A,,A,,A,,A,,A,,A,,A,,A,,A
20204,04506912,19,0,1,130,D,60,D,,A,,A,,A,,A,,A,,A,,A,,A,,A,,A
20204,04509552,4,0,1,300,D,25,D,,A,,A,,A,,A,,A,,A,,A,,A,,A,,A
20204,04510562,1,0,1,300,D,35,D,,A,,A,,A,,A,,A,,A,,A,,A,,A,,A
20204,04511062,7,0,1,300,D,152,D,,A,,A,,A,,A,,A,,A,,A,,A,,A,,A
20204,04511952,6,0,1,,A,,A,200,D,,A,,A,,A,,A,,A,,A,,A,,A,,A
20204,04513312,8,0,1,120,D,200,D,,A,,A,,A,,A,,A,,A,,A,,A,,A,,A
20204,04544871,4,0,1,240,D,220,D,,A,,A,,A,,A,,A,,A,,A,,A,,A,,A
20204,04545151,9,0,1,160,D,550,D,,A,,A,,A,,A,,A,,A,,A,,A,,A,,A
20204,04545401,11,0,1,140,D,80,D,,A,,A,,A,,A,,A,,A,,A,,A,,A,,A
20204,04545501,3,0,1,,A,,A,500,D,,A,,A,,A,,A,,A,,A,,A,,A,,A
20204,04545871,6,0,1,175,D,210,D,,A,,A,,A,,A,,A,,A,,A,,A,,A,,A
20204,04546631,7,0,1,140,D,80,D,,A,,A,,A,,A,,A,,A,,A,,A,,A,,A
20204,04546691,5,0,1,310,D,,H,200,D,190,D,175,D,,A,,A,,A,,A,,A,,A,,A
20204,04546691,5,1,1,175,D,330,E,,A,,A,,A,,A,,A,,A,,A,,A,,A,,A
20204,04547731,4,0,1,130,D,500,D,,A,,A,,A,,A,,A,,A,,A,,A,,A,,A
20204,04549141,4,0,1,,A,,A,200,D,,A,,A,,A,,A,,A,,A,,A,,A,,A
20204,04550391,6,0,1,110,D,450,D,,A,,A,,A,,A,,A,,A,,A,,A,,A,,A
20204,04550641,8,0,1,300,D,120,D,,A,,A,,A,,A,,A,,A,,A,,A,,A,,A
20204,04550721,4,0,1,300,D,495,D,,A,,A,,A,,A,,A,,A,,A,,A,,A,,A
20204,04551331,4,0,1,130,D,11268,T,,A,,A,,A,,A,,A,,A,,A,,A,,A,,A
20204,04553041,13,0,1,300,D,325,D,,A,,A,,A,,A,,A,,A,,A,,A,,A,,A
20204,04553791,7,0,1,150,D,2000,D,,A,,A,,A,,A,,A,,A,,A,,A,,A,,A
20204,04554271,3,0,1,300,D,150,D,,A,,A,,A,,A,,A,,A,,A,,A,,A,,A
20204,04555251,3,0,1,,A,,A,200,D,,A,,A,,A,,A,,A,,A,,A,,A,,A
20204,04555551,9,0,1,280,D,50,D,,A,,A,,A,,A,,A,,A,,A,,A,,A,,A
20204,04556214,19,0,1,300,D,3000,D,,A,,A,,A,,A,,A,,A,,A,,A,,A,,A
20204,04558381,7,0,1,300,D,50,D,,A,,A,,A,,A,,A,,A,,A,,A,,A,,A
20204,04559351,6,0,1,175,D,500,D,,A,,A,,A,,A,,A,,A,,A,,A,,A,,A
20204,04559621,8,0,1,300,D,75,D,,A,,A,,A,,A,,A,,A,,A,,A,,A,,A
20204,04560141,3,0,1,,A,,A,30000,D,,A,,A,,A,,A,,A,,A,,A,,A,,A
20204,04560821,18,0,1,210,D,350,D,200,D,,A,,A,,A,,A,,A,,A,,A,,A,,A
20204,04561461,8,0,1,235,D,250,D,,A,,A,,A,,A,,A,,A,,A,,A,,A,,A
20204,04564161,4,0,1,,A,,A,100,D,,A,,A,,A,,A,,A,,A,,A,,A,,A
20204,04566561,17,0,1,120,D,519,D,1000,D,,A,,A,,A,,A,,A,,A,,A,,A,,A
20204,04567641,10,0,1,130,D,1200,D,,A,,A,,A,,A,,A,,A,,A,,A,,A,,A
20204,04567771,5,0,1,,A,,A,200,D,,A,,A,,A,,A,,A,,A,,A,,A,,A
20204,04567891,14,0,1,300,D,50,D,,A,,A,,A,,A,,A,,A,,A,,A,,A,,A
20204,04568271,4,0,1,200,D,11268,T,,A,,A,,A,,A,,A,,A,,A,,A,,A,,A
20204,04568721,10,0,1,,A,,A,340,D,,A,,A,,A,,A,,A,,A,,A,,A,,A
20204,04570931,8,0,1,130,D,11268,T,1500,D,,A,,A,,A,,A,,A,,A,,A,,A,,A
20204,04571831,10,0,1,300,D,29,D,,A,,A,,A,,A,,A,,A,,A,,A,,A,,A
20204,04571931,2,0,1,210,D,2000,D,,A,,A,,A,,A,,A,,A,,A,,A,,A,,A
20204,04574081,6,0,1,160,D,200,D,,A,,A,,A,,A,,A,,A,,A,,A,,A,,A
20204,04574091,7,0,1,,A,,A,50,D,,A,,A,,A,,A,,A,,A,,A,,A,,A
20204,04575121,6,0,1,235,D,550,D,,A,,A,,A,,A,,A,,A,,A,,A,,A,,A
20204,04576551,6,0,1,300,D,771,D,,A,,A,,A,,A,,A,,A,,A,,A,,A,,A
20204,04576601,3,0,1,130,D,500,D,,A,,A,,A,,A,,A,,A,,A,,A,,A,,A
20204,04576651,6,0,1,150,D,500,D,,A,,A,,A,,A,,A,,A,,A,,A,,A,,A
20204,04577541,7,0,1,175,D,200,D,,A,,A,,A,,A,,A,,A,,A,,A,,A,,A
20204,04579221,6,0,1,300,D,500,D,,A,,A,,A,,A,,A,,A,,A,,A,,A,,A
20211,04379224,21,0,1,200,D,328,D,,A,,A,,A,,A,,A,,A,,A,,A,,A,,A
20211,04381014,15,0,1,,A,,A,20,D,,A,,A,,A,,A,,A,,A,,A,,A,,A
20211,04381694,3,0,1,175,D,40,D,45,D,,A,,A,,A,,A,,A,,A,,A,,A,,A
20211,04382424,26,0,1,120,D,450,D,,A,,A,,A,,A,,A,,A,,A,,A,,A,,A
20211,04383284,2,0,1,240,D,100,D,,A,,A,,A,,A,,A,,A,,A,,A,,A,,A
20211,04384724,6,0,1,300,D,100,D,,A,,A,,A,,A,,A,,A,,A,,A,,A,,A
20211,04384774,6,0,1,,A,,A,,A,,A,,A,,A,,A,,A,,A,,A,,A,,A
20211,04385194,5,0,1,190,D,70,D,,A,,A,,A,,A,,A,,A,,A,,A,,A,,A
20211,04386414,6,0,1,200,D,95,D,,A,,A,,A,,A,,A,,A,,A,,A,,A,,A
20211,04387404,21,0,1,300,D,120,D,,A,,A,,A,,A,,A,,A,,A,,A,,A,,A
20211,04388944,15,0,1,130,D,100,D,,A,,A,,A,,A,,A,,A,,A,,A,,A,,A
20211,04390244,10,0,1,300,D,14,D,,A,,A,,A,,A,,A,,A,,A,,A,,A,,A
20211,04392824,11,0,1,220,D,50,D,,A,,A,,A,,A,,A,,A,,A,,A,,A,,A
20211,04394094,1,0,1,,A,,A,500,D,,A,,A,,A,,A,,A,,A,,A,,A,,A
20211,04394574,12,0,1,,A,,A,35,D,,A,,A,,A,,A,,A,,A,,A,,A,,A
20211,04395404,3,0,1,150,D,3000,D,,A,,A,,A,,A,,A,,A,,A,,A,,A,,A
20211,04396204,14,0,1,,A,,A,11,D,,A,,A,,A,,A,,A,,A,,A,,A,,A
20211,04400094,10,0,1,300,D,200,D,,A,,A,,A,,A,,A,,A,,A,,A,,A,,A
20211,04402924,17,0,1,175,D,250,D,,A,,A,,A,,A,,A,,A,,A,,A,,A,,A
20211,04403034,15,0,1,175,D,100,D,,A,,A,,A,,A,,A,,A,,A,,A,,A,,A
20211,04405474,2,0,1,110,D,11268,T,5000,D,,A,,A,,A,,A,,A,,A,,A,,A,,A
20211,04407464,14,0,1,300,D,1600,D,,A,,A,,A,,A,,A,,A,,A,,A,,A,,A
20211,04408164,13,0,1,140,D,150,D,,A,,A,,A,,A,,A,,A,,A,,A,,A,,A
20211,04408634,9,0,1,140,D,62,D,28,D,,A,,A,,A,,A,,A,,A,,A,,A,,A
20211,04410484,14,0,1,,A,,A,700,D,,A,,A,,A,,A,,A,,A,,A,,A,,A
20211,04414174,2,0,1,200,D,100,D,,A,,A,,A,,A,,A,,A,,A,,A,,A,,A
20211,04414264,7,0,1,300,D,100,D,,A,,A,,A,,A,,A,,A,,A,,A,,A,,A
20211,04414444,5,0,1,,A,,A,150,D,,A,,A,,A,,A,,A,,A,,A,,A,,A
20211,04415944,4,0,1,,A,,A,50,D,,A,,A,,A,,A,,A,,A,,A,,A,,A
20211,04415974,1,0,1,200,D,5000,D,,A,,A,,A,,A,,A,,A,,A,,A,,A,,A
20211,04416124,3,0,1,200,D,475,D,,A,,A,,A,,A,,A,,A,,A,,A,,A,,A
20211,04416594,5,0,1,140,D,100,D,,A,,A,,A,,A,,A,,A,,A,,A,,A,,A
20211,04417114,4,0,1,,A,,A,1400,D,,A,,A,,A,,A,,A,,A,,A,,A,,A
20211,04417614,6,0,1,120,D,1800,D,200,D,,A,,A,,A,,A,,A,,A,,A,,A,,A
20211,04418254,9,0,1,160,D,200,D,,A,,A,,A,,A,,A,,A,,A,,A,,A,,A
20211,04419204,11,0,1,130,D,32,D,,A,,A,,A,,A,,A,,A,,A,,A,,A,,A
20211,04421233,27,0,1,,A,,A,312,D,,A,,A,,A,,A,,A,,A,,A,,A,,A
20211,04422063,5,0,1,310,D,,H,,A,310,D,235,D,,A,,A,,A,,A,,A,,A,,A
20211,04422063,5,1,1,130,D,51,E,,A,,A,,A,,A,,A,,A,,A,,A,,A,,A
20211,04422063,5,2,1,235,D,159,E,,A,,A,,A,,A,,A,,A,,A,,A,,A,,A
20211,04422063,5,3,1,300,D,216,E,,A,,A,,A,,A,,A,,A,,A,,A,,A,,A
20211,04425583,3,0,1,300,D,129,D,,A,,A,,A,,A,,A,,A,,A,,A,,A,,A
20211,04428273,6,0,1,100,D,65,D,,A,,A,,A,,A,,A,,A,,A,,A,,A,,A
20211,04429803,6,0,1,200,D,75,D,,A,,A,,A,,A,,A,,A,,A,,A,,A,,A
20211,04461813,18,0,1,140,D,367,D,,A,,A,,A,,A,,A,,A,,A,,A,,A,,A
20211,04463173,3,0,1,,A,,A,1200,D,,A,,A,,A,,A,,A,,A,,A,,A,,A
20211,04463903,6,0,1,,A,,A,330,D,,A,,A,,A,,A,,A,,A,,A,,A,,A
20211,04465353,3,0,1,235,D,11268,T,10000,D,,A,,A,,A,,A,,A,,A,,A,,A,,A
20211,04465363,12,0,1,,A,,A,200,D,,A,,A,,A,,A,,A,,A,,A,,A,,A
20211,04467793,15,0,1,280,D,11268,T,,A,,A,,A,,A,,A,,A,,A,,A,,A,,A
20211,04468203,8,0,1,,A,,A,300,D,,A,,A,,A,,A,,A,,A,,A,,A,,A
20211,04468293,4,0,1,130,D,755,D,,A,,A,,A,,A,,A,,A,,A,,A,,A,,A
20211,04468923,5,0,1,130,D,90,D,,A,,A,,A,,A,,A,,A,,A,,A,,A,,A
20211,04503663,9,0,1,300,D,2000,D,,A,,A,,A,,A,,A,,A,,A,,A,,A,,A
20211,04503703,5,0,1,,A,,A,50,D,,A,,A,,A,,A,,A,,A,,A,,A,,A
20211,04503923,10,0,1,190,D,200,D,,A,,A,,A,,A,,A,,A,,A,,A,,A,,A
20211,04507193,7,0,1,140,D,250,D,,A,,A,,A,,A,,A,,A,,A,,A,,A,,A
20211,04508023,3,0,1,,A,,A,70,D,,A,,A,,A,,A,,A,,A,,A,,A,,A
20211,04509403,11,0,1,150,D,3000,D,,A,,A,,A,,A,,A,,A,,A,,A,,A,,A
20211,04509813,6,0,1,140,D,70,D,,A,,A,,A,,A,,A,,A,,A,,A,,A,,A
20211,04510353,3,0,1,175,D,150,D,,A,,A,,A,,A,,A,,A,,A,,A,,A,,A
20211,04510883,6,0,1,200,D,375,D,,A,,A,,A,,A,,A,,A,,A,,A,,A,,A
20211,04512033,12,0,1,,A,,A,100,D,,A,,A,,A,,A,,A,,A,,A,,A,,A
20211,04512743,5,0,1,175,D,120,D,,A,,A,,A,,A,,A,,A,,A,,A,,A,,A
20211,04513103,3,0,1,160,D,100,D,,A,,A,,A,,A,,A,,A,,A,,A,,A,,A
20211,04513773,24,0,1,130,D,1700,D,,A,,A,,A,,A,,A,,A,,A,,A,,A,,A
20211,04514063,14,0,1,,A,,A,135,D,,A,,A,,A,,A,,A,,A,,A,,A,,A
20211,04514403,11,0,1,260,D,2400,D,,A,,A,,A,,A,,A,,A,,A,,A,,A,,A
20211,04545342,10,0,1,175,D,39,D,,A,,A,,A,,A,,A,,A,,A,,A,,A,,A
20211,04546322,12,0,1,130,D,115,D,,A,,A,,A,,A,,A,,A,,A,,A,,A,,A
20211,04548162,2,0,1,,A,,A,110,D,,A,,A,,A,,A,,A,,A,,A,,A,,A
20211,04548232,9,0,1,175,D,40,D,,A,,A,,A,,A,,A,,A,,A,,A,,A,,A
20211,04550392,6,0,1,,A,,A,1500,D,,A,,A,,A,,A,,A,,A,,A,,A,,A
20211,04551172,6,0,1,300,D,150,D,,A,,A,,A,,A,,A,,A,,A,,A,,A,,A
20211,04552322,10,0,1,300,D,200,D,,A,,A,,A,,A,,A,,A,,A,,A,,A,,A
20211,04552572,25,0,1,,A,,A,30,D,,A,,A,,A,,A,,A,,A,,A,,A,,A
20211,04553612,9,0,1,,A,,A,100,D,,A,,A,,A,,A,,A,,A,,A,,A,,A
20211,04555742,16,0,1,,A,,A,25,D,,A,,A,,A,,A,,A,,A,,A,,A,,A
20211,04555852,5,0,1,160,D,600,D,,A,,A,,A,,A,,A,,A,,A,,A,,A,,A
20211,04557372,13,0,1,200,D,240,D,,A,,A,,A,,A,,A,,A,,A,,A,,A,,A
20211,04560582,12,0,1,300,D,775,D,,A,,A,,A,,A,,A,,A,,A,,A,,A,,A
20211,04561522,20,0,1,,A,,A,100,D,,A,,A,,A,,A,,A,,A,,A,,A,,A
20211,04562102,5,0,1,,A,,A,120,D,,A,,A,,A,,A,,A,,A,,A,,A,,A
20211,04562582,16,0,1,200,D,200,D,,A,,A,,A,,A,,A,,A,,A,,A,,A,,A
20211,04563162,14,0,1,175,D,65,D,,A,,A,,A,,A,,A,,A,,A,,A,,A,,A
20211,04563282,5,0,1,200,D,40,D,,A,,A,,A,,A,,A,,A,,A,,A,,A,,A
20211,04564702,5,0,1,130,D,300,D,,A,,A,,A,,A,,A,,A,,A,,A,,A,,A
20211,04566342,5,0,1,175,D,80,D,,A,,A,,A,,A,,A,,A,,A,,A,,A,,A
20211,04568202,7,0,1,140,D,450,D,,A,,A,,A,,A,,A,,A,,A,,A,,A,,A
20211,04569452,2,0,1,300,D,125,D,,A,,A,,A,,A,,A,,A,,A,,A,,A,,A
20211,04570112,4,0,1,175,D,400,D,,A,,A,,A,,A,,A,,A,,A,,A,,A,,A
20211,04570702,5,0,1,,A,,A,1200,D,,A,,A,,A,,A,,A,,A,,A,,A,,A
20211,04570822,30,0,1,175,D,33,D,,A,,A,,A,,A,,A,,A,,A,,A,,A,,A
20211,04570932,31,0,1,130,D,1670,D,,A,,A,,A,,A,,A,,A,,A,,A,,A,,A
20211,04570962,7,0,1,300,D,100,D,,A,,A,,A,,A,,A,,A,,A,,A,,A,,A
20211,04572422,10,0,1,200,D,100,D,,A,,A,,A,,A,,A,,A,,A,,A,,A,,A
20211,04572452,23,0,1,140,D,50,D,,A,,A,,A,,A,,A,,A,,A,,A,,A,,A
20211,04572672,10,0,1,130,D,10,D,,A,,A,,A,,A,,A,,A,,A,,A,,A,,A
20211,04573352,12,0,1,175,D,94,D,,A,,A,,A,,A,,A,,A,,A,,A,,A,,A
20211,04574432,2,0,1,,A,,A,154,D,,A,,A,,A,,A,,A,,A,,A,,A,,A
20211,04575622,4,0,1,190,D,500,D,,A,,A,,A,,A,,A,,A,,A,,A,,A,,A
20211,04579522,6,0,1,130,D,500,D,,A,,A,,A,,A,,A,,A,,A,,A,,A,,A
20211,04610471,10,0,1,130,D,150,D,,A,,A,,A,,A,,A,,A,,A,,A,,A,,A
20211,04611131,5,0,1,175,D,200,D,,A,,A,,A,,A,,A,,A,,A,,A,,A,,A
20211,04611351,12,0,1,300,D,500,D,,A,,A,,A,,A,,A,,A,,A,,A,,A,,A
20211,04611691,2,0,1,175,D,63,D,,A,,A,,A,,A,,A,,A,,A,,A,,A,,A
20211,04613461,4,0,1,,A,,A,300,D,,A,,A,,A,,A,,A,,A,,A,,A,,A
20211,04614331,1,0,1,,A,,A,90,D,,A,,A,,A,,A,,A,,A,,A,,A,,A
20211,04615321,3,0,1,,A,,A,150,D,,A,,A,,A,,A,,A,,A,,A,,A,,A
20211,04617571,11,0,1,175,D,40,D,,A,,A,,A,,A,,A,,A,,A,,A,,A,,A
20211,04618101,19,0,1,300,D,1000,D,,A,,A,,A,,A,,A,,A,,A,,A,,A,,A
20211,04618581,2,0,1,,A,,A,35,D,,A,,A,,A,,A,,A,,A,,A,,A,,A
20211,04618751,1,0,1,270,D,300,D,,A,,A,,A,,A,,A,,A,,A,,A,,A,,A
20211,04620911,24,0,1,,A,,A,65,D,,A,,A,,A,,A,,A,,A,,A,,A,,A
20211,04652701,20,0,1,,A,,A,100,D,,A,,A,,A,,A,,A,,A,,A,,A,,A
20211,04652901,2,0,1,,A,,A,260,D,,A,,A,,A,,A,,A,,A,,A,,A,,A
20211,04653541,9,0,1,175,D,35,D,,A,,A,,A,,A,,A,,A,,A,,A,,A,,A
20211,04653761,2,0,1,160,D,200,D,,A,,A,,A,,A,,A,,A,,A,,A,,A,,A
20211,04653801,5,0,1,,A,,A,175,D,,A,,A,,A,,A,,A,,A,,A,,A,,A
20211,04653871,16,0,1,280,D,3000,D,,A,,A,,A,,A,,A,,A,,A,,A,,A,,A
20211,04654731,12,0,1,,A,,A,50,D,,A,,A,,A,,A,,A,,A,,A,,A,,A
20211,04655131,4,0,1,200,D,190,D,,A,,A,,A,,A,,A,,A,,A,,A,,A,,A
20211,04657061,5,0,1,,A,,A,50,D,,A,,A,,A,,A,,A,,A,,A,,A,,A
20211,04658091,6,0,1,,A,,A,500,D,,A,,A,,A,,A,,A,,A,,A,,A,,A
20211,04658441,7,0,1,300,D,300,D,,A,,A,,A,,A,,A,,A,,A,,A,,A,,A
20211,04658631,8,0,1,175,D,250,D,,A,,A,,A,,A,,A,,A,,A,,A,,A,,A
20211,04659011,3,0,1,300,D,400,D,,A,,A,,A,,A,,A,,A,,A,,A,,A,,A
20211,04659051,4,0,1,300,D,15,D,,A,,A,,A,,A,,A,,A,,A,,A,,A,,A
20211,04659671,5,0,1,235,D,1500,D,,A,,A,,A,,A,,A,,A,,A,,A,,A,,A
20211,04660251,11,0,1,300,D,20,D,20,D,,A,,A,,A,,A,,A,,A,,A,,A,,A
20211,04660411,9,0,1,,A,,A,298,D,,A,,A,,A,,A,,A,,A,,A,,A,,A
20211,04660681,3,0,1,175,D,21,D,,A,,A,,A,,A,,A,,A,,A,,A,,A,,A
20211,04661021,6,0,1,,A,,A,20,D,,A,,A,,A,,A,,A,,A,,A,,A,,A
20211,04661081,9,0,1,235,D,369,D,,A,,A,,A,,A,,A,,A,,A,,A,,A,,A
20211,04661191,15,0,1,300,D,250,D,,A,,A,,A,,A,,A,,A,,A,,A,,A,,A
20211,04661241,16,0,1,140,D,200,D,,A,,A,,A,,A,,A,,A,,A,,A,,A,,A
20211,04662094,13,0,1,,A,,A,200,D,,A,,A,,A,,A,,A,,A,,A,,A,,A
20211,04662871,11,0,1,240,D,20,D,25,D,,A,,A,,A,,A,,A,,A,,A,,A,,A
20211,04679431,11,0,1,310,D,,H,,A,190,D,310,D,175,D,,A,,A,,A,,A,,A,,A
20211,04679431,11,1,1,120,D,476,E,,A,,A,,A,,A,,A,,A,,A,,A,,A,,A
20211,04679431,11,2,1,130,D,121,E,,A,,A,,A,,A,,A,,A,,A,,A,,A,,A
20211,04679431,11,3,1,140,D,211,E,,A,,A,,A,,A,,A,,A,,A,,A,,A,,A
20211,04679431,11,4,1,175,D,38,E,,A,,A,,A,,A,,A,,A,,A,,A,,A,,A
20211,04679431,11,5,1,190,D,74,E,,A,,A,,A,,A,,A,,A,,A,,A,,A,,A
20211,04679431,11,6,1,220,D,52,E,,A,,A,,A,,A,,A,,A,,A,,A,,A,,A
20211,04679431,11,7,1,300,D,528,E,,A,,A,,A,,A,,A,,A,,A,,A,,A,,A
20211,04679523,9,0,1,130,D,11268,T,,A,,A,,A,,A,,A,,A,,A,,A,,A,,A
20211,04680031,13,0,1,300,D,100,D,,A,,A,,A,,A,,A,,A,,A,,A,,A,,A
20211,04682041,5,0,1,140,D,200,D,,A,,A,,A,,A,,A,,A,,A,,A,,A,,A
20211,04682401,10,0,1,,A,,A,150,D,,A,,A,,A,,A,,A,,A,,A,,A,,A
20211,04683024,18,0,1,,A,,A,500,D,,A,,A,,A,,A,,A,,A,,A,,A,,A
20211,04683731,11,0,1,,A,,A,100,D,,A,,A,,A,,A,,A,,A,,A,,A,,A
20211,04684311,9,0,1,150,D,11268,T,,A,,A,,A,,A,,A,,A,,A,,A,,A,,A
20211,04684341,19,0,1,,A,,A,800,D,,A,,A,,A,,A,,A,,A,,A,,A,,A
20211,04684381,7,0,1,,A,,A,175,D,,A,,A,,A,,A,,A,,A,,A,,A,,A
20211,04684551,3,0,1,280,D,11268,T,,A,,A,,A,,A,,A,,A,,A,,A,,A,,A
20211,04685141,7,0,1,130,D,100,D,,A,,A,,A,,A,,A,,A,,A,,A,,A,,A
20211,04685261,2,0,1,,A,,A,30,D,,A,,A,,A,,A,,A,,A,,A,,A,,A
20211,04686511,16,0,1,,A,,A,15,D,,A,,A,,A,,A,,A,,A,,A,,A,,A
20211,04687291,3,0,1,175,D,65,D,,A,,A,,A,,A,,A,,A,,A,,A,,A,,A
20211,04687441,7,0,1,,A,,A,25,D,,A,,A,,A,,A,,A,,A,,A,,A,,A
20211,04687641,7,0,1,140,D,200,D,,A,,A,,A,,A,,A,,A,,A,,A,,A,,A
20211,04688211,5,0,1,300,D,200,D,,A,,A,,A,,A,,A,,A,,A,,A,,A,,A
20211,04688681,6,0,1,220,D,39,D,,A,,A,,A,,A,,A,,A,,A,,A,,A,,A
20211,04688791,6,0,1,210,D,300,D,,A,,A,,A,,A,,A,,A,,A,,A,,A,,A
