QYEAR,NEWID,SEQNO,ALCNO,REC_ORIG,PROP_NOG,PROP0NOG,OWNYG,OWNYG_,NEWMRTG,NEWMRTG_,ORGMRTG,ORGMRTG_,QMRTTRMG,QMRT_RMG,MRTPMTG,MRTPMTG_,PAYPRTXG,PAYP_TXG,PAYPRING,PAYP_ING,PAYMRING,PAYM_ING,PAYOTHRG,PAYO_HRG,QESCROWG,QESC_OWG,QPRINM1G,QPRI_M1G,QPRINM2G,QPRI_M2G,QPRINM3G,QPRI_M3G,QADINT1G,QADI_T1G,QADINT2G,QADI_T2G,QADINT3G,QADI_T3G,QRFINDTG,QRFI_DTG,FRSTPYMG,FRST_YMG,FRSTPYRG,FRST_YRG,FIXDRTEG,FIXD_TEG,QNEWDATG,QNEW_ATG,QBLNCM1G,QBLN_M1G,QBLNCM2G,QBLN_M2G,QBLNCM3G,QBLN_M3G,LOAN_NOG,LOAN0NOG,VARRTEG,VARRTEG_,INTONLYG,INTO_LYG,OTHRTEG,OTHRTEG_,PAYMT1G,PAYMT1G_,PAYMT2G,PAYMT2G_,PAYMT3G,PAYMT3G_,PAYPRNPG,PAYP_NPG,PAYINTG,PAYINTG_
20202,04216804,51,0,5,01,D,100,D,.0400,D,40000,D,10,D,466,D,,B,,B,,B,,B,61,D,345,D,346,D,348,D,60,D,59,D,57,D,,A,01,D,2014,D,1,D,,A,17935,D,17589,D,17243,D,01,D,,A,,A,,A,,A,,A,,A,1,D,2,D
20202,04219584,23,0,5,01,D,100,D,.0500,F,94,F,10,F,1,F,,C,,C,,C,,C,0,F,1,F,1,F,1,F,0,F,0,F,0,F,,A,11,F,2019,F,1,F,,A,93,F,92,F,92,F,01,D,,C,,C,,C,,A,,A,,A,,C,,A
20202,04220324,16,0,5,01,D,100,D,.0544,D,30000,D,15,D,528,D,,B,,B,,B,,B,284,D,183,D,184,D,185,D,61,D,60,D,59,D,,A,04,D,2010,D,1,D,,A,13381,D,13198,D,13014,D,01,D,,A,,A,,A,,A,,A,,A,1,D,2,D
20202,04221184,19,0,5,01,D,100,D,.0529,D,40000,D,10,D,430,D,3,D,4,D,,A,,A,0,D,260,D,261,D,262,D,140,D,139,D,138,D,,A,03,D,2018,D,2,D,,A,34154,D,33875,D,33594,D,01,D,1,D,,A,,A,400,D,400,D,400,D,1,D,2,D
20202,04225444,32,0,5,01,D,100,D,.0662,D,70000,D,19,D,542,D,,B,,B,,B,,B,2,D,403,D,405,D,407,D,137,D,135,D,133,D,,A,06,D,2005,D,1,D,,A,24856,D,24453,D,24048,D,01,D,,A,,A,,A,,A,,A,,A,1,D,2,D
20202,04225874,13,0,5,01,D,100,D,.0500,D,75000,D,15,D,700,D,,B,,B,,B,,B,107,D,375,D,377,D,378,D,218,D,216,D,215,D,,A,04,D,2014,D,1,D,,A,52256,D,51881,D,51504,D,01,D,,A,,A,,A,,A,,A,,A,1,D,2,D
20202,04226054,28,0,5,01,D,100,D,.0600,D,6000,D,15,D,51,D,,A,,A,,A,,A,0,D,15,D,15,D,15,D,15,D,15,D,15,D,,A,10,D,2016,D,2,D,,A,5089,D,5064,D,5038,D,01,D,1,D,,A,,A,30,D,30,D,30,D,1,D,2,D
20202,04227104,12,0,5,01,D,100,D,.0400,F,32890,F,10,F,333,F,,A,,A,,A,,A,0,F,234,F,235,F,236,F,99,F,98,F,97,F,,A,12,F,2018,F,1,F,,A,29694,F,29460,F,29225,F,01,D,,A,,A,,A,,A,,A,,A,1,D,2,D
20202,04228224,21,0,5,01,D,100,D,.0599,D,75000,D,15,D,640,D,,B,,B,,B,,B,8,D,269,D,271,D,272,D,363,D,361,D,360,D,,A,05,D,2019,D,1,D,,A,72635,D,72365,D,72094,D,01,D,,A,,A,,A,,A,,A,,A,1,D,2,D
20202,04228354,29,0,5,01,D,100,D,.0640,D,130000,D,15,D,1125,D,,A,,A,,A,,A,0,D,0,D,0,D,0,D,0,D,0,D,0,D,,A,11,D,2007,D,2,D,,A,33968,D,33024,D,32075,D,01,D,1,D,,A,,A,0,D,0,D,0,D,1,D,2,D
20202,04228904,31,0,5,01,D,100,D,.0400,F,32890,F,10,F,333,F,,A,,A,,A,,A,0,F,234,F,235,F,236,F,99,F,98,F,97,F,,A,12,F,2018,F,1,F,,A,29694,F,29460,F,29225,F,01,D,1,D,,A,,A,,A,,A,,A,1,D,2,D
20202,04229924,40,0,5,01,D,100,D,.0540,D,40000,D,14,D,346,D,,B,,B,,B,,B,6,D,228,D,229,D,230,D,112,D,111,D,110,D,,A,07,D,2013,D,1,D,,A,24862,D,24634,D,24405,D,01,D,,A,,A,,A,,A,,A,,A,1,D,2,D
20202,04235124,27,0,5,01,D,100,D,.0472,D,1829,D,2,D,80,D,,A,,A,,A,,A,0,D,75,D,75,D,75,D,5,D,5,D,5,D,,A,07,D,2019,D,1,D,,A,1313,D,1238,D,1163,D,01,D,,A,,A,,A,,A,,A,,A,1,D,2,D
20202,04235744,15,0,5,01,D,100,D,.0440,D,11336,D,4,D,258,D,,A,,A,,A,,A,0,D,251,D,251,D,252,D,7,D,7,D,6,D,,A,10,D,2016,D,1,D,,A,2030,D,1779,D,1528,D,01,D,,A,,A,,A,,A,,A,,A,1,D,2,D
20202,04236364,20,0,5,01,D,100,D,.0440,D,100000,D,15,D,800,D,,B,,B,,B,,B,40,D,454,D,455,D,457,D,306,D,305,D,303,D,,A,12,D,2016,D,1,D,,A,83541,D,83088,D,82632,D,01,D,,A,,A,,A,,A,,A,,A,1,D,2,D
20202,04237294,32,0,5,01,D,100,D,.0472,F,48000,F,10,F,503,F,3,F,4,F,,A,,A,0,F,32,F,32,F,32,F,18,F,18,F,18,F,,A,09,F,2019,F,2,F,,A,46737,F,46419,F,46099,F,01,D,,A,,A,,A,50,F,50,F,50,F,1,D,2,D
20202,04238604,18,0,5,01,D,100,D,.0472,D,38204,D,10,D,400,D,,A,,A,,A,,A,0,D,258,D,259,D,260,D,142,D,141,D,140,D,,A,07,D,2019,D,1,D,,A,36178,D,35921,D,35662,D,01,D,,A,,A,,A,,A,,A,,A,1,D,2,D
20202,04240104,20,0,5,01,D,100,D,.0529,F,120000,F,10,F,1290,F,,A,,A,,A,,A,0,F,0,F,0,F,0,F,500,F,500,F,500,F,,A,11,F,2018,F,2,F,,A,120000,F,120000,F,120000,F,01,D,1,D,,A,,A,500,F,500,F,500,F,,A,2,D
20202,04240564,26,0,5,01,D,100,D,.0440,D,30000,D,15,D,600,D,,B,,B,,B,,B,372,D,163,D,163,D,164,D,65,D,65,D,64,D,,A,11,D,2012,D,1,D,,A,17771,D,17608,D,17445,D,01,D,,A,,A,,A,,A,,A,,A,1,D,2,D
20202,04243384,24,0,5,01,D,100,D,.0525,D,40000,D,20,D,270,D,,A,,A,,A,,A,0,D,143,D,144,D,144,D,9,D,8,D,8,D,,A,05,D,2001,D,2,D,,A,3653,D,3399,D,3144,D,01,D,1,D,,A,,A,193,D,200,D,152,D,1,D,2,D
20202,04244744,42,0,5,01,D,100,D,.0500,D,12000,D,5,D,226,D,,A,,A,,A,,A,0,D,181,D,182,D,183,D,45,D,44,D,43,D,,A,08,D,2019,D,1,D,,A,10752,D,10571,D,10389,D,01,D,,A,,A,,A,,A,,A,,A,1,D,2,D
20202,04245504,64,0,5,01,D,100,D,.0460,D,25000,D,5,D,644,D,,B,,B,,B,,B,177,D,455,D,456,D,458,D,12,D,11,D,9,D,,A,10,D,2015,D,1,D,,A,3233,D,2779,D,2322,D,01,D,,A,,A,,A,,A,,A,,A,1,D,2,D
20202,04267793,36,0,5,02,D,200,D,.0525,D,135000,D,10,D,1448,D,,A,,A,,A,,A,0,D,851,D,855,D,859,D,399,D,395,D,391,D,,A,05,D,2017,D,2,D,,A,105604,D,104618,D,103627,D,01,D,1,D,,A,,A,1122,T,1122,T,1122,T,1,D,2,D
20202,04267893,16,0,5,01,D,100,D,.0475,D,165000,D,5,D,1300,D,,A,,A,,A,,A,,B,,A,,A,,A,,A,,A,,A,,A,08,D,2010,D,1,D,,A,,A,,A,,A,01,D,,A,,A,,A,,A,,A,,A,1,D,2,D
20202,04269293,12,0,5,01,D,100,D,.0600,F,18000,F,19,F,177,F,,B,,B,,B,,B,45,F,46,F,46,F,46,F,43,F,43,F,43,F,,A,07,F,2018,F,1,F,,A,17211,F,17165,F,17119,F,01,D,,A,,A,,A,,A,,A,,A,1,D,2,D
20202,04269353,20,0,5,01,D,100,D,.0600,D,9278,D,10,D,103,D,,A,,A,,A,,A,0,D,,A,57,D,57,D,,A,46,D,46,D,,A,02,D,2020,D,1,D,,A,,A,9278,D,9221,D,01,D,,A,,A,,A,,A,,A,,A,1,D,2,D
20202,04270203,19,0,1,01,D,100,D,.0472,F,1829,F,2,F,80,F,,A,,A,,A,,A,0,F,75,F,75,F,75,F,5,F,5,F,5,F,,A,07,F,2019,F,1,F,,A,1313,F,1238,F,1163,F,01,D,1,D,,A,,A,,A,,A,,A,1,D,2,D
20202,04272053,29,0,5,01,D,100,D,.0600,D,18000,D,19,D,177,D,,B,,B,,B,,B,45,D,46,D,46,D,46,D,43,D,43,D,43,D,,A,07,D,2018,D,1,D,,A,17211,D,17165,D,17119,D,01,D,,A,,A,,A,,A,,A,,A,1,D,2,D
20202,04272383,8,0,1,01,D,100,D,.0500,F,94,F,10,F,1,F,,C,,C,,C,,C,0,F,1,F,1,F,1,F,0,F,0,F,0,F,,A,11,F,2019,F,1,F,,A,93,F,92,F,92,F,01,D,,C,,C,,C,,A,,A,,A,,C,,A
20202,04272793,22,0,5,01,D,100,D,.0650,D,8954,D,15,D,78,D,,A,,A,,A,,A,0,D,0,D,0,D,0,D,78,D,78,D,78,D,,A,12,D,2019,D,1,D,,A,8954,D,8954,D,8954,D,01,D,,A,,A,,A,,A,,A,,A,,A,2,D
20202,04273143,18,0,5,01,D,100,D,.0550,D,100000,D,15,D,817,D,,A,,A,,A,,A,0,D,198,D,199,D,200,D,52,D,51,D,50,D,,A,04,D,2009,D,2,D,,A,37084,D,36437,D,35787,D,01,D,1,D,,A,,A,250,D,250,D,250,D,1,D,2,D
20202,04273343,25,0,5,01,D,100,D,.0475,D,150000,D,10,D,1573,D,,A,,A,,A,,A,0,D,,A,,A,,A,,A,,A,,A,,A,08,D,2019,D,2,D,,A,145066,D,144068,D,143065,D,01,D,1,D,,A,,A,690,D,690,D,690,D,1,D,2,D
20202,04274903,28,0,5,01,D,100,D,.0700,D,11131,D,7,D,168,D,,A,,A,,A,,A,0,D,106,D,107,D,107,D,62,D,61,D,61,D,,A,08,D,2019,D,1,D,,A,10610,D,10503,D,10397,D,01,D,,A,,A,,A,,A,,A,,A,1,D,2,D
20202,04275323,14,0,5,01,D,100,D,.0472,D,48000,D,10,D,503,D,3,D,4,D,,A,,A,0,D,32,D,32,D,32,D,18,D,18,D,18,D,,A,09,D,2019,D,2,D,,A,46737,D,46419,D,46099,D,01,D,,A,,A,3,D,50,D,50,D,50,D,1,D,2,D
20202,04281223,11,0,5,01,D,100,D,.0440,D,30000,D,15,D,250,D,3,D,4,D,,A,,A,22,D,163,D,164,D,165,D,65,D,64,D,63,D,,A,09,D,2012,D,1,D,,A,17608,D,17445,D,17281,D,01,D,,A,,A,,A,,A,,A,,A,1,D,2,D
20202,04283553,8,0,1,01,D,100,D,.0662,F,70000,F,19,F,542,F,,B,,B,,B,,B,2,F,403,F,405,F,407,F,137,F,135,F,133,F,,A,06,F,2005,F,1,F,,A,24856,F,24453,F,24048,F,01,D,,A,,A,,A,,A,,A,,A,1,D,2,D
20202,04284303,15,0,5,01,D,100,D,.0709,D,101674,D,15,D,919,D,,A,,A,,A,,A,0,D,788,D,793,D,798,D,131,D,126,D,121,D,,A,04,D,2007,D,1,D,,A,22088,D,21300,D,20507,D,01,D,,A,,A,,A,,A,,A,,A,1,D,2,D
20202,04288573,17,0,5,01,D,100,D,.0472,D,30000,D,15,D,300,D,,B,,B,,B,,B,67,D,119,D,119,D,120,D,114,D,114,D,113,D,,A,06,D,2019,D,1,D,,A,29067,D,28949,D,28829,D,01,D,,A,,A,,A,,A,,A,,A,1,D,2,D
20202,04289473,22,0,5,01,D,100,D,.0472,D,103000,D,5,D,1931,D,,A,,A,,A,,A,0,D,0,D,0,D,0,D,,A,,A,,A,,A,09,D,2019,D,2,D,,A,103000,D,103000,D,103000,D,01,D,,A,2,D,,A,340,D,340,D,340,D,,A,2,D
20202,04292463,21,0,5,01,D,100,D,.0460,F,25000,F,5,F,644,F,,B,,B,,B,,B,177,F,455,F,456,F,458,F,12,F,11,F,9,F,,A,10,F,2015,F,1,F,,A,3233,F,2779,F,2322,F,01,D,,A,,A,,A,,A,,A,,A,1,D,2,D
20202,04292993,29,0,5,01,D,100,D,.0472,F,30000,F,15,F,300,F,,B,,B,,B,,B,67,F,119,F,119,F,120,F,114,F,114,F,113,F,,A,06,F,2019,F,1,F,,A,29067,F,28949,F,28829,F,01,D,,A,,A,,A,,A,,A,,A,1,D,2,D
20202,04293263,23,0,5,02,D,200,D,.0500,D,5516,D,2,D,242,D,,A,,A,,A,,A,0,D,221,D,222,D,223,D,21,D,20,D,19,D,,A,01,D,2020,D,1,D,,A,5077,D,4856,D,4634,D,01,D,,A,,A,,A,,A,,A,,A,1,D,2,D
20202,04298423,25,0,5,01,D,100,D,.0775,D,19165,D,10,D,230,D,,A,,A,,A,,A,0,D,119,D,119,D,120,D,111,D,111,D,110,D,,A,10,D,2018,D,1,D,,A,17263,D,17144,D,17025,D,01,D,,A,,A,,A,,A,,A,,A,1,D,2,D
20202,04299163,25,0,5,01,D,100,D,.0995,D,31000,D,10,D,409,D,,A,,A,,A,,A,0,D,171,D,172,D,173,D,238,D,237,D,236,D,,A,01,D,2019,D,1,D,,A,28754,D,28583,D,28411,D,01,D,,A,,A,,A,,A,,A,,A,1,D,2,D
20202,04310592,11,0,5,01,D,100,D,.0500,D,94,D,10,D,1,D,,C,,C,,C,,C,0,D,1,D,1,D,1,D,0,D,0,D,0,D,,A,11,D,2019,D,1,D,,A,93,D,92,D,92,D,01,D,,A,,A,,A,,A,,A,,A,,C,,A
20202,04312012,34,0,5,01,D,100,D,.0500,D,98986,D,16,D,750,D,,A,,A,,A,,A,0,D,556,D,558,D,561,D,194,D,192,D,189,D,,A,01,D,2010,D,1,D,,A,46569,D,46013,D,45455,D,01,D,,A,,A,,A,,A,,A,,A,1,D,2,D
20202,04313272,34,0,5,01,D,100,D,.0460,D,30000,D,10,D,332,D,,B,,B,,B,,B,20,D,222,D,223,D,224,D,90,D,89,D,88,D,,A,06,D,2017,D,1,D,,A,23528,D,23307,D,23084,D,01,D,,A,,A,,A,,A,,A,,A,1,D,2,D
20202,04313862,22,0,1,01,D,100,D,.0590,D,59500,D,10,D,658,D,,A,,A,,A,,A,0,D,0,D,0,D,0,D,,A,,A,,A,,A,12,D,2018,D,2,D,,A,59500,D,59500,D,59500,D,01,D,1,D,,A,,A,335,D,335,D,335,D,,A,2,D
20202,04320172,14,0,5,01,D,100,D,.0400,D,32000,D,13,D,320,D,3,D,,A,,A,,A,57,D,220,D,221,D,222,D,43,D,42,D,41,D,,A,06,D,2011,D,1,D,,A,12826,D,12605,D,12384,D,01,D,,A,,A,,A,,A,,A,,A,1,D,2,D
20202,04320372,16,0,5,01,D,100,D,.0472,D,130000,D,20,D,838,D,,A,,A,,A,,A,0,D,337,D,339,D,340,D,525,D,523,D,522,D,,A,12,D,2019,D,2,D,,A,129673,D,129345,D,129016,D,01,D,,A,2,D,,A,1122,T,1122,T,1122,T,1,D,2,D
20202,04320582,10,0,5,01,D,100,D,.0449,D,33225,D,15,D,254,D,,A,,A,,A,,A,0,D,0,D,0,D,0,D,254,D,254,D,254,D,,A,08,D,2012,D,1,D,,A,33225,D,33225,D,33225,D,01,D,,A,,A,,A,,A,,A,,A,,A,2,D
20202,04320592,30,0,5,01,D,100,D,.0500,D,231555,T,10,D,3040,T,,A,,A,,A,,A,0,D,0,D,0,D,0,D,0,D,0,D,0,D,,A,01,D,2020,D,2,D,,A,234223,T,242252,T,241239,T,01,D,1,D,,A,,A,0,D,0,D,0,D,,A,2,D
20202,04321022,18,0,5,01,D,100,D,.0640,F,130000,F,15,F,1125,F,,A,,A,,A,,A,0,F,0,F,0,F,0,F,0,F,0,F,0,F,,A,11,F,2007,F,2,F,,A,33968,F,33024,F,32075,F,01,D,,A,,A,,A,0,F,0,F,0,F,1,D,2,D
20202,04321082,32,0,5,01,D,100,D,.0590,D,45000,D,5,D,1000,D,,B,,B,,B,,B,132,D,799,D,803,D,806,D,69,D,65,D,62,D,,A,07,D,2016,D,1,D,,A,14116,D,13317,D,12514,D,01,D,,A,,A,,A,,A,,A,,A,1,D,2,D
20202,04321672,33,0,5,02,D,200,D,.0450,D,55000,D,5,D,1025,D,,A,,A,,A,,A,0,D,,A,,A,,A,,A,,A,,A,,A,09,D,2012,D,2,D,,A,,A,,A,,A,01,D,1,D,,A,,A,180,D,180,D,181,D,1,D,2,D
20202,04322502,28,0,5,01,D,100,D,.0540,D,27770,D,10,D,300,D,,A,,A,,A,,A,0,D,230,D,231,D,232,D,70,D,69,D,68,D,,A,01,D,2015,D,1,D,,A,15515,D,15285,D,15054,D,01,D,,A,,A,,A,,A,,A,,A,1,D,2,D
20202,04322872,39,0,5,01,D,100,D,.0529,F,120000,F,10,F,1290,F,,A,,A,,A,,A,0,F,0,F,0,F,0,F,500,F,500,F,500,F,,A,11,F,2018,F,2,F,,A,120000,F,120000,F,120000,F,01,D,,C,,C,,C,500,F,500,F,500,F,,A,2,D
20202,04324362,22,0,5,01,D,100,D,.0475,F,119000,F,20,F,950,F,3,F,4,F,,A,,A,181,F,338,F,339,F,341,F,431,F,430,F,428,F,,A,07,F,2017,F,1,F,,A,108857,F,108518,F,108179,F,01,D,,A,,A,,A,,A,,A,,A,1,D,2,D
20202,04325462,16,0,1,01,D,100,D,.0400,D,32890,D,10,D,333,D,,A,,A,,A,,A,0,D,234,D,235,D,236,D,99,D,98,D,97,D,,A,12,D,2018,D,1,D,,A,29694,D,29460,D,29225,D,01,D,,A,,A,,A,,A,,A,,A,1,D,2,D
20202,04330912,29,0,5,02,D,200,D,.0472,D,30000,D,15,D,233,D,,A,,A,,A,,A,0,D,,A,115,D,115,D,,A,118,D,118,D,,A,03,D,2020,D,1,D,,A,,A,30000,D,29885,D,01,D,,A,,A,,A,,A,,A,,A,1,D,2,D
20202,04343462,18,0,5,01,D,100,D,.0440,D,50000,D,15,D,679,D,,B,,B,,B,,B,299,D,212,D,213,D,214,D,168,D,167,D,166,D,,A,06,D,2018,D,1,D,,A,45715,D,45503,D,45289,D,01,D,,A,,A,,A,,A,,A,,A,1,D,2,D
20202,04344442,10,0,5,01,D,100,D,.0475,D,119000,D,20,D,950,D,3,D,4,D,,A,,A,181,D,338,D,339,D,341,D,431,D,430,D,428,D,,A,07,D,2017,D,1,D,,A,108857,D,108518,D,108179,D,01,D,,A,,A,,A,,A,,A,,A,1,D,2,D
20202,04345752,26,0,5,01,D,100,D,.0600,D,22160,D,15,D,187,D,,A,,A,,A,,A,0,D,102,D,102,D,103,D,85,D,85,D,84,D,,A,05,D,2015,D,1,D,,A,17048,D,16946,D,16844,D,01,D,,A,,A,,A,,A,,A,,A,1,D,2,D
20202,04345782,14,0,5,01,D,100,D,.0529,D,120000,D,10,D,1290,D,,A,,A,,A,,A,0,D,0,D,0,D,0,D,500,D,500,D,500,D,,A,11,D,2018,D,2,D,,A,120000,D,120000,D,120000,D,01,D,1,D,,A,,A,500,D,500,D,500,D,,A,2,D
20202,04347612,25,0,5,01,D,100,D,.0473,D,14703,D,12,D,134,D,,A,,A,,A,,A,0,D,105,D,105,D,106,D,29,D,29,D,28,D,,A,05,D,2013,D,1,D,,A,7358,D,7253,D,7148,D,01,D,,A,,A,,A,,A,,A,,A,1,D,2,D
20202,04378974,22,0,1,01,D,100,D,.0500,D,231555,T,10,D,1909,D,,A,,A,,A,,A,0,D,,A,,A,,A,,A,,A,,A,,A,03,D,2011,D,2,D,,A,25911,D,24110,D,22302,D,01,D,,A,,A,3,D,,C,,C,,C,1,D,2,D
20202,04385663,20,0,1,01,D,100,D,.0590,D,30000,D,20,D,238,D,,B,,B,,B,,B,25,D,91,D,92,D,92,D,122,D,121,D,121,D,,A,05,D,2014,D,1,D,,A,24726,D,24635,D,24543,D,01,D,,A,,A,,A,,A,,A,,A,1,D,2,D
20202,04385663,21,0,1,01,D,100,D,.0590,D,18292,D,20,D,130,D,,A,,A,,A,,A,0,D,41,D,42,D,42,D,89,D,88,D,88,D,,A,06,D,2019,D,1,D,,A,18007,D,17966,D,17924,D,02,D,,A,,A,,A,,A,,A,,A,1,D,2,D
20202,04385831,19,0,1,01,D,100,D,.0460,F,85831,F,15,F,661,F,,A,,A,,A,,A,0,F,418,F,419,F,421,F,243,F,242,F,240,F,,A,01,F,2015,F,1,F,,A,63483,F,63066,F,62646,F,01,D,1,D,,A,,A,,A,,A,,A,1,D,2,D
20202,04385944,22,0,1,01,D,100,D,.0472,F,231555,V,15,F,1600,F,,A,,A,,A,,A,0,F,811,F,814,F,818,F,789,F,786,F,782,F,,A,07,F,2019,F,1,F,,A,234223,V,242252,V,241239,V,01,D,1,D,,A,,A,,A,,A,,A,1,D,2,D
20202,04388491,28,0,1,01,D,100,D,.0580,D,63625,D,10,D,700,D,,A,,A,,A,,A,0,D,606,D,609,D,612,D,94,D,91,D,88,D,,A,07,D,2012,D,1,D,,A,19504,D,18898,D,18290,D,01,D,,A,,A,,A,,A,,A,,A,1,D,2,D
20202,04389011,26,0,1,01,D,100,D,.0460,D,85831,D,15,D,661,D,,A,,A,,A,,A,0,D,418,D,419,D,421,D,243,D,242,D,240,D,,A,01,D,2015,D,1,D,,A,63483,D,63066,D,62646,D,01,D,,A,,A,,A,,A,,A,,A,1,D,2,D
20202,04390381,28,0,1,02,D,300,D,.0700,D,,T,20,D,1120,D,3,D,4,D,,A,,A,190,D,,T,,T,,T,164,D,161,D,158,D,,A,11,D,2003,D,1,D,,A,37569,D,36858,D,36143,D,01,D,,A,,A,,A,,A,,A,,A,1,D,2,D
20202,04392791,9,0,1,01,D,100,D,.0775,F,19165,F,10,F,230,F,,A,,A,,A,,A,0,F,119,F,119,F,120,F,111,F,111,F,110,F,,A,10,F,2018,F,1,F,,A,17263,F,17144,F,17025,F,01,D,,A,,A,,A,,A,,A,,A,1,D,2,D
20202,04393201,13,0,1,01,D,100,D,.0500,D,40000,D,15,D,332,D,,B,,B,,B,,B,16,D,161,D,162,D,162,D,155,D,154,D,154,D,,A,08,D,2018,D,1,D,,A,37215,D,37054,D,36892,D,01,D,,A,,A,,A,,A,,A,,A,1,D,2,D
20202,04393991,30,0,1,01,D,100,D,.0450,D,49555,D,17,D,348,D,,A,,A,,A,,A,0,D,248,D,248,D,249,D,100,D,100,D,99,D,,A,09,D,2010,D,1,D,,A,26788,D,26540,D,26292,D,01,D,,A,,A,,A,,A,,A,,A,1,D,2,D
20202,04394541,32,0,1,01,D,100,D,.0460,D,11813,D,10,D,123,D,,A,,A,,A,,A,0,D,96,D,97,D,97,D,27,D,26,D,26,D,,A,06,D,2015,D,1,D,,A,6969,D,6872,D,6776,D,01,D,,A,,A,,A,,A,,A,,A,1,D,2,D
20202,04394563,18,0,1,01,D,100,D,.0440,D,30000,D,18,D,204,D,,B,,B,,B,,B,3,D,106,D,107,D,107,D,95,D,94,D,94,D,,A,08,D,2016,D,1,D,,A,25876,D,25770,D,25664,D,01,D,,A,,A,,A,,A,,A,,A,1,D,2,D
20202,04397251,35,0,1,01,D,100,D,.0400,D,79016,D,10,D,800,D,,A,,A,,A,,A,0,D,587,D,589,D,591,D,213,D,211,D,209,D,,A,11,D,2017,D,1,D,,A,63882,D,63295,D,62706,D,01,D,,A,,A,,A,,A,,A,,A,1,D,2,D
20202,04399802,12,0,1,01,D,100,D,.0529,D,70486,D,10,D,758,D,,A,,A,,A,,A,0,D,484,D,486,D,488,D,274,D,272,D,270,D,,A,08,D,2018,D,1,D,,A,62126,D,61642,D,61156,D,01,D,,A,,A,,A,,A,,A,,A,1,D,2,D
20202,04399822,36,0,1,01,D,100,D,.0472,D,231555,T,15,D,1600,D,,A,,A,,A,,A,0,D,811,D,814,D,818,D,789,D,786,D,782,D,,A,07,D,2019,D,1,D,,A,234223,T,242252,T,241239,T,01,D,,A,,A,,A,,A,,A,,A,1,D,2,D
20202,04404081,8,0,1,01,D,100,D,.0529,D,155000,D,15,D,1397,D,3,D,,A,,A,,A,148,D,623,D,626,D,629,D,626,D,623,D,620,D,,A,04,D,2018,D,1,D,,A,141961,D,141338,D,140712,D,01,D,,A,,A,,A,,A,,A,,A,1,D,2,D
20202,04406504,39,0,1,01,D,100,D,.0492,D,24829,D,7,D,350,D,,A,,A,,A,,A,0,D,329,D,331,D,332,D,21,D,19,D,18,D,,A,06,D,2014,D,1,D,,A,5082,D,4752,D,4422,D,01,D,,A,,A,,A,,A,,A,,A,1,D,2,D
20202,04407853,16,0,1,01,D,100,D,.0472,D,65868,D,12,D,600,D,,A,,A,,A,,A,0,D,349,D,350,D,352,D,251,D,250,D,248,D,,A,09,D,2019,D,1,D,,A,63802,D,63453,D,63103,D,01,D,,A,,A,,A,,A,,A,,A,1,D,2,D
20202,04408071,11,0,1,01,D,100,D,.0400,D,50000,D,10,D,527,D,,B,,B,,B,,B,21,D,342,D,343,D,344,D,164,D,163,D,162,D,,A,01,D,2020,D,1,D,,A,49320,D,48979,D,48636,D,01,D,,A,,A,,A,,A,,A,,A,1,D,2,D
20202,04410661,13,0,1,01,D,100,D,.0472,F,30000,F,15,F,300,F,,B,,B,,B,,B,67,F,119,F,119,F,120,F,114,F,114,F,113,F,,A,06,F,2019,F,1,F,,A,29067,F,28949,F,28829,F,01,D,,A,,A,,A,,A,,A,,A,1,D,2,D
20202,04411691,26,0,1,01,D,100,D,.0500,F,94,F,10,F,1,F,,C,,C,,C,,C,0,F,1,F,1,F,1,F,0,F,0,F,0,F,,A,11,F,2019,F,1,F,,A,93,F,92,F,92,F,01,D,,A,,A,3,D,,A,,A,,A,,C,,A
20202,04414954,6,0,1,01,D,100,D,.0509,D,30000,D,20,D,199,D,,A,,A,,A,,A,0,D,75,D,75,D,75,D,124,D,124,D,124,D,,A,06,D,2019,D,1,D,,A,29343,D,29269,D,29194,D,01,D,,A,,A,,A,,A,,A,,A,1,D,2,D
20202,04415801,12,0,1,01,D,100,D,.0600,D,69000,F,15,D,585,D,3,D,4,D,,A,,A,3,F,582,F,,A,,A,3,F,,A,,A,,A,05,F,2005,D,1,D,,A,582,F,,A,,A,01,D,,A,,A,,A,,A,,A,,A,1,D,2,D
20202,04415941,20,0,1,01,D,100,D,.0473,F,14703,F,12,F,134,F,,A,,A,,A,,A,0,F,105,F,105,F,106,F,29,F,29,F,28,F,,A,05,F,2013,F,1,F,,A,7358,F,7253,F,7148,F,01,D,,A,,A,,A,,A,,A,,A,1,D,2,D
20202,04415961,14,0,1,01,D,100,D,.0475,D,19000,D,10,D,199,D,,A,,A,,A,,A,0,D,,A,,A,,A,,A,,A,,A,,A,02,D,2017,D,2,D,,A,14069,D,13926,D,13782,D,01,D,1,D,,A,,A,0,D,0,D,0,D,1,D,2,D
20202,04418201,28,0,1,01,D,100,D,.0473,D,64367,D,15,D,500,D,,A,,A,,A,,A,0,D,339,D,340,D,341,D,145,D,144,D,143,D,,A,06,D,2013,D,1,D,,A,40919,D,40581,D,40241,D,01,D,,A,,A,,A,,A,,A,,A,1,D,2,D
20202,04419441,42,0,1,01,D,100,D,.0400,D,60000,D,15,D,500,D,,B,,B,,B,,B,56,D,245,D,246,D,246,D,179,D,178,D,178,D,,A,02,D,2020,D,1,D,,A,59756,D,59511,D,59266,D,01,D,,A,,A,,A,,A,,A,,A,1,D,2,D
20203,04267794,23,0,5,02,D,200,D,.0525,D,135000,D,10,D,1448,D,,A,,A,,A,,A,0,D,2096,T,866,D,870,D,388,D,384,D,380,D,,A,05,D,2017,D,2,D,,A,102632,D,101633,D,100629,D,01,D,1,D,,A,,A,1122,T,1122,T,1122,T,1,D,2,D
20203,04269294,16,0,5,01,D,100,D,.0475,F,19000,F,10,F,199,F,,A,,A,,A,,A,0,F,0,F,0,F,0,F,0,F,0,F,0,F,,A,02,F,2017,F,2,F,,A,13637,F,13492,F,13346,F,01,D,,A,,A,,A,0,F,0,F,0,F,1,D,2,D
20203,04269354,24,0,5,01,D,100,D,.0600,D,9278,D,10,D,103,D,,A,,A,,A,,A,0,D,57,D,57,D,58,D,46,D,46,D,45,D,,A,02,D,2020,D,1,D,,A,9164,D,9107,D,9050,D,01,D,,A,,A,,A,,A,,A,,A,1,D,2,D
20203,04269904,15,0,1,01,D,100,D,.0472,F,30000,F,15,F,300,F,,B,,B,,B,,B,67,F,118,F,118,F,119,F,115,F,115,F,114,F,,A,11,F,2019,F,1,F,,A,29303,F,29185,F,29067,F,01,D,,C,,C,,C,,A,,A,,A,1,D,2,D
20203,04272054,37,0,5,01,D,100,D,.0529,D,18000,D,19,D,175,D,,B,,B,,B,,B,50,D,,A,50,D,51,D,,A,38,D,37,D,,A,07,D,2018,D,1,D,052020,D,,A,16948,D,16898,D,01,D,,A,,A,,A,,A,,A,,A,1,D,2,D
20203,04272054,55,0,5,01,D,100,D,.0600,D,18000,D,19,D,177,D,,B,,B,,B,,B,45,D,47,D,,A,,A,43,D,,A,,A,052020,D,07,D,2018,D,1,D,,A,17072,D,,A,,A,01,D,,A,,A,,A,,A,,A,,A,1,D,2,D
20203,04272794,24,0,5,01,D,100,D,.0650,D,80000,D,15,D,697,D,,A,,A,,A,,A,0,D,287,D,289,D,290,D,410,D,408,D,406,D,,A,12,D,2019,D,1,D,,A,75320,D,75031,D,74741,D,01,D,,A,,A,,A,,A,,A,,A,,A,2,D
20203,04273144,21,0,5,01,D,100,D,.0550,D,100000,D,15,D,817,D,,A,,A,,A,,A,0,D,201,D,202,D,203,D,49,D,48,D,47,D,,A,04,D,2009,D,2,D,,A,35134,D,34478,D,33818,D,01,D,1,D,,A,,A,250,D,250,D,250,D,1,D,2,D
20203,04274904,33,0,5,01,D,100,D,.0700,D,11131,D,7,D,168,D,,A,,A,,A,,A,0,D,108,D,109,D,109,D,60,D,59,D,59,D,,A,08,D,2019,D,1,D,,A,10289,D,10181,D,10073,D,01,D,,A,,A,,A,,A,,A,,A,1,D,2,D
20203,04275324,15,0,5,01,D,100,D,.0472,D,48000,D,10,D,503,D,3,D,4,D,,A,,A,0,D,31,D,32,D,32,D,18,D,17,D,17,D,,A,09,D,2019,D,2,D,,A,45778,D,45455,D,45131,D,01,D,,A,,A,3,D,50,D,50,D,50,D,1,D,2,D
20203,04276414,21,0,1,01,D,100,D,.0950,D,40000,D,19,D,380,D,,A,,A,,A,,A,0,D,337,D,340,D,342,D,43,D,40,D,38,D,,A,08,D,2002,D,1,D,,A,5429,D,5092,D,4753,D,01,D,,A,,A,,A,,A,,A,,A,1,D,2,D
20203,04277894,23,0,5,01,D,100,D,.0600,D,40000,D,15,D,338,D,,A,,A,,A,,A,0,D,,A,,A,,A,,A,,A,,A,,A,05,D,2019,D,2,D,,A,38303,D,38157,D,38011,D,01,D,1,D,,A,,A,,C,,C,,C,1,D,2,D
20203,04278364,27,0,5,01,D,100,D,.0425,F,10000,F,10,F,300,F,,B,,B,,B,,B,198,F,87,F,88,F,88,F,15,F,14,F,14,F,,A,01,F,2014,F,1,F,,A,4118,F,4030,F,3943,F,01,D,1,D,,A,,A,,A,,A,,A,1,D,2,D
20203,04281224,12,0,5,01,D,100,D,.0440,D,30000,D,15,D,250,D,3,D,4,D,,A,,A,22,D,165,D,166,D,166,D,63,D,62,D,62,D,,A,09,D,2012,D,1,D,,A,17116,D,16951,D,16785,D,01,D,,A,,A,,A,,A,,A,,A,1,D,2,D
20203,04284304,20,0,5,01,D,100,D,.0709,D,101674,D,15,D,919,D,,A,,A,,A,,A,0,D,770,D,775,D,779,D,149,D,144,D,140,D,,A,11,D,2007,D,1,D,,A,25196,D,24426,D,23652,D,01,D,,A,,A,,A,,A,,A,,A,1,D,2,D
20203,04288574,19,0,5,01,D,100,D,.0472,D,30000,D,15,D,300,D,,B,,B,,B,,B,67,D,118,D,118,D,119,D,115,D,115,D,114,D,,A,11,D,2019,D,1,D,,A,29303,D,29185,D,29067,D,01,D,,A,,A,,A,,A,,A,,A,1,D,2,D
20203,04289494,21,0,5,01,D,100,D,.0425,D,10000,D,10,D,300,D,,B,,B,,B,,B,198,D,87,D,88,D,88,D,15,D,14,D,14,D,,A,01,D,2014,D,1,D,,A,4118,D,4030,D,3943,D,01,D,,A,,A,,A,,A,,A,,A,1,D,2,D
20203,04292464,15,0,5,01,D,100,D,.0472,F,28653,F,10,F,300,F,,A,,A,,A,,A,0,F,187,F,188,F,189,F,113,F,112,F,111,F,,A,05,F,2020,F,1,F,,A,28653,F,28466,F,28278,F,01,D,,A,,A,,A,,A,,A,,A,1,D,2,D
20203,04292994,25,0,5,01,D,100,D,.0460,F,30000,F,10,F,332,F,,B,,B,,B,,B,20,F,224,F,225,F,226,F,88,F,87,F,86,F,,A,06,F,2017,F,1,F,,A,22861,F,22636,F,22411,F,01,D,,A,,A,,A,,A,,A,,A,1,D,2,D
20203,04293264,30,0,5,02,D,200,D,.0500,D,10000,D,2,D,439,D,,A,,A,,A,,A,0,D,406,D,407,D,409,D,33,D,32,D,30,D,,A,01,D,2020,D,1,D,,A,7997,D,7591,D,7184,D,01,D,,A,,A,,A,,A,,A,,A,1,D,2,D
20203,04296994,48,0,5,01,D,100,D,.0575,D,90730,D,20,D,637,D,,A,,A,,A,,A,0,D,301,D,302,D,304,D,336,D,335,D,333,D,,A,07,D,2013,D,1,D,,A,70174,D,69874,D,69571,D,01,D,,A,,A,,A,,A,,A,,A,1,D,2,D
20203,04298424,24,0,5,01,D,100,D,.0775,D,19165,D,10,D,230,D,,A,,A,,A,,A,0,D,124,D,125,D,126,D,106,D,105,D,104,D,,A,06,D,2018,D,1,D,,A,16417,D,16293,D,16168,D,01,D,,A,,A,,A,,A,,A,,A,1,D,2,D
20203,04299164,20,0,5,01,D,100,D,.0995,D,31000,D,10,D,409,D,,A,,A,,A,,A,0,D,175,D,176,D,178,D,234,D,233,D,231,D,,A,01,D,2019,D,1,D,,A,28238,D,28063,D,27887,D,01,D,,A,,A,,A,,A,,A,,A,1,D,2,D
20203,04310593,14,0,5,01,D,100,D,.0500,D,160000,D,5,D,3040,T,,C,,C,,C,,C,0,D,2096,T,2108,T,2117,T,617,D,607,D,597,D,,A,11,D,2019,D,1,D,,A,148140,D,145738,D,143326,D,01,D,,A,,A,,A,,A,,A,,A,,C,,A
20203,04312013,26,0,5,01,D,100,D,.0500,D,98986,D,16,D,750,D,,A,,A,,A,,A,0,D,556,D,558,D,561,D,194,D,192,D,189,D,,A,04,D,2010,D,1,D,,A,46569,D,46013,D,45455,D,01,D,,A,,A,,A,,A,,A,,A,1,D,2,D
20203,04313273,28,0,5,01,D,100,D,.0460,D,30000,D,10,D,332,D,,B,,B,,B,,B,20,D,224,D,225,D,226,D,88,D,87,D,86,D,,A,06,D,2017,D,1,D,,A,22861,D,22636,D,22411,D,01,D,,A,,A,,A,,A,,A,,A,1,D,2,D
20203,04313863,29,0,5,01,D,100,D,.0590,D,59500,D,10,D,658,D,,A,,A,,A,,A,0,D,0,D,0,D,0,D,225,D,225,D,225,D,,A,12,D,2018,D,2,D,,A,59500,D,59500,D,59500,D,01,D,1,D,,A,,A,225,D,225,D,225,D,,A,2,D
20203,04320173,22,0,5,01,D,100,D,.0400,D,32000,D,13,D,320,D,3,D,,A,,A,,A,57,D,222,D,223,D,224,D,41,D,40,D,39,D,,A,06,D,2011,D,1,D,,A,12163,D,11940,D,11717,D,01,D,,A,,A,,A,,A,,A,,A,1,D,2,D
20203,04320373,16,0,5,01,D,100,D,.0472,D,130000,D,20,D,838,D,,A,,A,,A,,A,0,D,317,D,318,D,319,D,483,D,482,D,481,D,,A,12,D,2019,D,2,D,,A,128686,D,128354,D,128021,D,01,D,,A,2,D,,A,800,D,800,D,800,D,1,D,2,D
20203,04320593,21,0,5,01,D,100,D,.0529,F,120000,F,5,F,2281,F,,A,,A,,A,,A,0,F,0,F,0,F,0,F,500,F,500,F,500,F,,A,11,F,2018,F,2,F,,A,120000,F,120000,F,120000,F,01,D,1,D,,A,,A,500,F,500,F,500,F,,A,2,D
20203,04321023,17,0,5,01,D,100,D,.0472,F,130000,F,20,F,838,F,,A,,A,,A,,A,0,F,317,F,318,F,319,F,483,F,482,F,481,F,,A,12,F,2019,F,2,F,,A,128686,F,128354,F,128021,F,01,D,,A,,A,,A,800,F,800,F,800,F,1,D,2,D
20203,04321083,36,0,5,01,D,100,D,.0590,D,45000,D,5,D,1000,D,,B,,B,,B,,B,132,D,810,D,814,D,818,D,58,D,54,D,50,D,,A,07,D,2016,D,1,D,,A,11708,D,10898,D,10083,D,01,D,,A,,A,,A,,A,,A,,A,1,D,2,D
20203,04321673,34,0,5,02,D,200,D,.0450,D,55000,D,10,D,570,D,,A,,A,,A,,A,0,D,164,D,165,D,165,D,18,D,17,D,17,D,,A,09,D,2012,D,2,D,,A,15124,D,14611,D,14096,D,01,D,1,D,,A,,A,184,D,182,D,182,D,1,D,2,D
20203,04322503,33,0,5,01,D,100,D,.0540,D,60000,D,10,D,648,D,,A,,A,,A,,A,0,D,504,D,506,D,508,D,144,D,142,D,140,D,,A,01,D,2015,D,1,D,,A,32037,D,31533,D,31027,D,01,D,,A,,A,,A,,A,,A,,A,1,D,2,D
20203,04322873,47,0,5,01,D,100,D,.0529,F,120000,F,5,F,2281,F,,A,,A,,A,,A,0,F,0,F,0,F,0,F,500,F,500,F,500,F,,A,11,F,2018,F,2,F,,A,120000,F,120000,F,120000,F,01,D,,C,,C,,C,500,F,500,F,500,F,,A,2,D
20203,04324363,22,0,5,01,D,100,D,.0400,F,117600,F,15,F,887,F,,B,,B,,B,,B,17,F,532,F,533,F,535,F,338,F,337,F,335,F,,A,10,F,2017,F,1,F,,A,101487,F,100955,F,100422,F,01,D,,A,,A,,A,,A,,A,,A,1,D,2,D
20203,04325463,21,0,5,01,D,100,D,.0400,D,50000,D,10,D,506,D,,A,,A,,A,,A,0,D,359,D,360,D,361,D,147,D,146,D,145,D,,A,12,D,2018,D,1,D,,A,44075,D,43716,D,43356,D,01,D,,A,,A,,A,,A,,A,,A,1,D,2,D
20203,04328283,9,0,5,01,D,100,D,.0500,F,160000,F,5,F,3040,V,,C,,C,,C,,C,0,F,2096,V,2108,V,2117,V,617,F,607,F,597,F,,A,11,F,2019,F,1,F,,A,148140,F,145738,F,143326,F,01,D,,A,,A,3,D,,A,,A,,A,,C,,A
20203,04343463,25,0,5,01,D,100,D,.0440,D,50000,D,15,D,679,D,,B,,B,,B,,B,299,D,215,D,216,D,216,D,165,D,164,D,164,D,,A,06,D,2018,D,1,D,,A,45076,D,44861,D,44645,D,01,D,,A,,A,,A,,A,,A,,A,1,D,2,D
20203,04344443,11,0,5,01,D,100,D,.0475,D,119000,D,20,D,950,D,3,D,4,D,,A,,A,181,D,342,D,343,D,345,D,427,D,426,D,424,D,,A,07,D,2017,D,1,D,,A,107838,D,107496,D,107153,D,01,D,,A,,A,,A,,A,,A,,A,1,D,2,D
20203,04345323,13,0,1,01,D,100,D,.0425,D,53691,D,10,D,550,D,,A,,A,,A,,A,0,D,388,D,389,D,390,D,162,D,161,D,160,D,,A,09,D,2018,D,1,D,,A,45861,D,45473,D,45084,D,01,D,,A,,A,,A,,A,,A,,A,1,D,2,D
20203,04345783,14,0,5,01,D,100,D,.0529,D,120000,D,5,D,2281,D,,A,,A,,A,,A,0,D,0,D,0,D,0,D,500,D,500,D,500,D,,A,11,D,2018,D,2,D,,A,120000,D,120000,D,120000,D,01,D,1,D,,A,,A,500,D,500,D,500,D,,A,2,D
20203,04347613,30,0,5,01,D,100,D,.0473,D,14703,D,12,D,134,D,,A,,A,,A,,A,0,D,106,D,107,D,107,D,28,D,27,D,27,D,,A,05,D,2013,D,1,D,,A,7042,D,6936,D,6829,D,01,D,,A,,A,,A,,A,,A,,A,1,D,2,D
20203,04350993,32,0,5,01,D,100,D,.0550,D,60000,D,15,D,500,D,,B,,B,,B,,B,10,D,226,D,227,D,228,D,264,D,263,D,262,D,,A,07,D,2019,D,1,D,,A,57580,D,57354,D,57127,D,01,D,,A,,A,,A,,A,,A,,A,1,D,2,D
20203,04386892,20,0,1,01,D,100,D,.0550,F,60000,F,15,F,500,F,,B,,B,,B,,B,10,F,226,F,227,F,228,F,264,F,263,F,262,F,,A,07,F,2019,F,1,F,,A,57580,F,57354,F,57127,F,01,D,,A,,A,,A,,A,,A,,A,1,D,2,D
20203,04387472,19,0,1,01,D,100,D,.0475,F,50000,F,15,F,389,F,,A,,A,,A,,A,0,F,265,F,266,F,267,F,124,F,123,F,122,F,,A,07,F,2013,F,1,F,,A,31268,F,31003,F,30736,F,01,D,,A,,A,,A,,A,,A,,A,1,D,2,D
20203,04388492,17,0,5,01,D,100,D,.0580,D,63625,D,10,D,700,D,,A,,A,,A,,A,0,D,664,D,667,D,670,D,36,D,33,D,30,D,,A,03,D,2011,D,1,D,,A,7480,D,6817,D,6150,D,01,D,,A,,A,,A,,A,,A,,A,1,D,2,D
20203,04389012,35,0,5,01,D,100,D,.0460,D,85831,D,15,D,661,D,,A,,A,,A,,A,0,D,422,D,424,D,426,D,239,D,237,D,235,D,,A,01,D,2015,D,1,D,,A,62225,D,61803,D,61379,D,01,D,,A,,A,,A,,A,,A,,A,1,D,2,D
20203,04390382,42,0,5,02,D,300,D,.0700,D,,T,20,D,1120,D,3,D,4,D,,A,,A,190,D,,T,,T,,T,202,D,198,D,194,D,,A,10,D,2003,D,1,D,,A,34701,D,33973,D,33241,D,01,D,,A,,A,,A,,A,,A,,A,1,D,2,D
20203,04393202,23,0,5,01,D,100,D,.0500,D,40000,D,15,D,332,D,,B,,B,,B,,B,16,D,163,D,164,D,164,D,153,D,152,D,152,D,,A,08,D,2018,D,1,D,,A,36730,D,36567,D,36403,D,01,D,,A,,A,,A,,A,,A,,A,1,D,2,D
20203,04393992,43,0,5,01,D,100,D,.0450,D,49555,D,17,D,348,D,,A,,A,,A,,A,0,D,250,D,251,D,252,D,98,D,97,D,96,D,,A,09,D,2010,D,1,D,,A,26042,D,25792,D,25541,D,01,D,,A,,A,,A,,A,,A,,A,1,D,2,D
20203,04394542,26,0,5,01,D,100,D,.0460,D,11813,D,10,D,123,D,,A,,A,,A,,A,0,D,97,D,98,D,98,D,26,D,25,D,25,D,,A,06,D,2015,D,1,D,,A,6679,D,6581,D,6484,D,01,D,,A,,A,,A,,A,,A,,A,1,D,2,D
20203,04395492,13,0,1,01,D,100,D,.0472,D,28653,D,10,D,300,D,,A,,A,,A,,A,0,D,187,D,188,D,189,D,113,D,112,D,111,D,,A,05,D,2020,D,1,D,,A,28653,D,28466,D,28278,D,01,D,,A,,A,,A,,A,,A,,A,1,D,2,D
20203,04399823,31,0,5,01,D,100,D,.0472,D,59648,D,5,D,1118,D,,A,,A,,A,,A,0,D,,A,2108,T,2117,T,,A,235,D,231,D,,A,06,D,2020,D,1,D,062020,D,,A,59648,D,58765,D,01,D,,A,,A,,A,,A,,A,,A,1,D,2,D
20203,04399823,48,0,5,01,D,100,D,.0472,D,231555,T,15,D,1600,D,,A,,A,,A,,A,0,D,821,D,,A,,A,779,D,,A,,A,062020,D,07,D,2019,D,1,D,,A,234223,T,,A,,A,01,D,,A,,A,,A,,A,,A,,A,1,D,2,D
20203,04404082,18,0,5,01,D,100,D,.0529,D,155000,D,15,D,1397,D,3,D,,A,,A,,A,148,D,631,D,634,D,637,D,618,D,615,D,612,D,,A,04,D,2018,D,1,D,,A,140083,D,139452,D,138818,D,01,D,,A,,A,,A,,A,,A,,A,1,D,2,D
20203,04404222,30,0,1,01,D,100,D,.0550,F,100000,F,15,F,817,F,,A,,A,,A,,A,0,F,201,F,202,F,203,F,49,F,48,F,47,F,,A,04,F,2009,F,2,F,,A,35134,F,34478,F,33818,F,01,D,,A,,A,,A,250,F,250,F,250,F,1,D,2,D
20203,04407854,19,0,5,01,D,100,D,.0472,D,65868,D,12,D,600,D,,A,,A,,A,,A,0,D,353,D,355,D,356,D,247,D,245,D,244,D,,A,09,D,2019,D,1,D,,A,62751,D,62398,D,62043,D,01,D,,A,,A,,A,,A,,A,,A,1,D,2,D
20203,04408072,12,0,5,01,D,100,D,.0400,D,50000,D,10,D,527,D,,B,,B,,B,,B,21,D,345,D,346,D,347,D,161,D,160,D,159,D,,A,01,D,2020,D,1,D,,A,48292,D,47947,D,47601,D,01,D,,A,,A,,A,,A,,A,,A,1,D,2,D
20203,04410662,23,0,5,01,D,100,D,.0472,F,30000,F,15,F,300,F,,B,,B,,B,,B,67,F,118,F,118,F,119,F,115,F,115,F,114,F,,A,11,F,2019,F,1,F,,A,29303,F,29185,F,29067,F,01,D,,A,,A,,A,,A,,A,,A,1,D,2,D
20203,04411692,19,0,5,01,D,100,D,.0500,F,160000,F,5,F,3040,V,,C,,C,,C,,C,0,F,2096,V,2108,V,2117,V,617,F,607,F,597,F,,A,11,F,2019,F,1,F,,A,148140,F,145738,F,143326,F,01,D,,A,,A,3,D,,A,,A,,A,,C,,A
20203,04415942,20,0,5,01,D,100,D,.0473,F,14703,F,12,F,134,F,,A,,A,,A,,A,0,F,106,F,107,F,107,F,28,F,27,F,27,F,,A,05,F,2013,F,1,F,,A,7042,F,6936,F,6829,F,01,D,,A,,A,,A,,A,,A,,A,1,D,2,D
20203,04415962,33,0,5,01,D,100,D,.0475,D,19000,D,10,D,199,D,,A,,A,,A,,A,0,D,0,D,0,D,0,D,0,D,0,D,0,D,,A,02,D,2017,D,2,D,,A,13637,D,13492,D,13346,D,01,D,1,D,,A,,A,0,D,0,D,0,D,1,D,2,D
20203,04419442,29,0,5,01,D,100,D,.0400,D,60000,D,15,D,500,D,,B,,B,,B,,B,56,D,247,D,248,D,249,D,197,D,196,D,195,D,,A,02,D,2020,D,1,D,,A,59019,D,58772,D,58524,D,01,D,,A,,A,,A,,A,,A,,A,1,D,2,D
20203,04422431,11,0,1,01,D,100,D,.0662,D,75000,D,15,D,658,D,,A,,A,,A,,A,0,D,,A,,A,,A,,A,,A,,A,,A,03,D,2005,D,2,D,,A,,A,,A,,A,01,D,1,D,,A,,A,242,D,242,D,242,D,1,D,2,D
20203,04423091,25,0,1,01,D,100,D,.0475,D,30000,D,15,D,397,D,,B,,B,,B,,B,164,D,199,D,200,D,201,D,34,D,33,D,32,D,,A,07,D,2008,D,1,D,,A,8483,D,8284,D,8084,D,01,D,,A,,A,,A,,A,,A,,A,1,D,2,D
20203,04429791,19,0,1,01,D,100,D,.0460,D,97388,D,15,D,750,D,,A,,A,,A,,A,0,D,468,D,470,D,472,D,282,D,280,D,278,D,,A,07,D,2015,D,1,D,,A,73442,D,72974,D,72503,D,01,D,,A,,A,,A,,A,,A,,A,1,D,2,D
20203,04430921,22,0,1,01,D,100,D,.0400,D,30000,D,15,D,358,D,,B,,B,,B,,B,136,D,153,D,154,D,155,D,69,D,68,D,67,D,,A,07,D,2014,D,1,D,,A,20553,D,20399,D,20245,D,01,D,,A,,A,,A,,A,,A,,A,1,D,2,D
20203,04464381,20,0,1,01,D,100,D,.0900,D,12000,D,5,D,250,D,,B,,B,,B,,B,1,D,173,D,174,D,175,D,76,D,75,D,74,D,,A,06,D,2019,D,1,D,,A,10184,D,10011,D,9837,D,01,D,,A,,A,,A,,A,,A,,A,1,D,2,D
20203,04467651,23,0,1,01,D,100,D,.0472,D,69627,D,17,D,497,D,,A,,A,,A,,A,0,D,223,D,224,D,225,D,274,D,273,D,272,D,,A,05,D,2020,D,1,D,,A,69627,D,69404,D,69180,D,01,D,,A,,A,,A,,A,,A,,A,1,D,2,D
20203,04469011,37,0,1,01,D,100,D,.0500,F,40000,F,15,F,332,F,,B,,B,,B,,B,16,F,163,F,164,F,164,F,153,F,152,F,152,F,,A,08,F,2018,F,1,F,,A,36730,F,36567,F,36403,F,01,D,,A,,A,,A,,A,,A,,A,1,D,2,D
20203,04469511,21,0,1,01,D,100,D,.0569,D,60000,D,20,D,419,D,,A,,A,,A,,A,0,D,145,D,146,D,146,D,274,D,273,D,273,D,,A,01,D,2019,D,1,D,,A,57770,D,57625,D,57479,D,01,D,,A,,A,,A,,A,,A,,A,1,D,2,D
20203,04470191,12,0,1,01,D,100,D,.0440,F,50000,F,15,F,679,F,,B,,B,,B,,B,299,F,215,F,216,F,216,F,165,F,164,F,164,F,,A,06,F,2018,F,1,F,,A,45076,F,44861,F,44645,F,01,D,,A,,A,,A,,A,,A,,A,1,D,2,D
20203,04470741,11,0,1,01,D,100,D,.0529,D,99000,D,15,D,798,D,,A,,A,,A,,A,0,D,,A,,A,,A,,A,,A,,A,,A,09,D,2018,D,2,D,,A,91459,D,91064,D,90668,D,01,D,1,D,,A,,A,1122,T,1122,T,1122,T,1,D,2,D
20203,04471411,18,0,1,01,D,100,D,.0460,D,120000,D,10,D,1249,D,,A,,A,,A,,A,0,D,,A,,A,,A,,A,,A,,A,,A,09,D,2015,D,2,D,,A,70792,D,69814,D,68832,D,01,D,1,D,,A,,A,1122,T,1122,T,1122,T,1,D,2,D
20203,04472451,24,0,1,01,D,100,D,.0425,D,231555,T,10,D,3040,T,,A,,A,,A,,A,0,D,2096,T,2108,T,2117,T,1172,D,1164,D,1155,D,,A,09,D,2019,D,1,D,,A,234223,T,242252,T,241239,T,01,D,,A,,A,,A,,A,,A,,A,1,D,2,D
20203,04504561,18,0,1,01,D,100,D,.0550,F,100000,F,15,F,817,F,,A,,A,,A,,A,0,F,201,F,202,F,203,F,49,F,48,F,47,F,,A,04,F,2009,F,2,F,,A,35134,F,34478,F,33818,F,01,D,,A,,A,,A,250,F,250,F,250,F,1,D,2,D
20203,04505001,35,0,1,01,D,100,D,.0472,D,9000,D,15,D,70,D,,A,,A,,A,,A,0,D,,A,,A,,A,,A,,A,,A,,A,03,D,2019,D,2,D,,A,8469,D,8432,D,8395,D,01,D,1,D,,A,,A,150,D,150,D,150,D,1,D,2,D
20203,04506511,36,0,1,01,D,100,D,.0800,D,30000,D,15,D,300,D,,B,,B,,B,,B,13,D,90,D,91,D,91,D,197,D,196,D,196,D,,A,01,D,2020,D,1,D,,A,29559,D,29469,D,29379,D,01,D,,A,,A,,A,,A,,A,,A,1,D,2,D
20203,04507031,10,0,1,01,D,100,D,.0460,D,21000,D,15,D,162,D,,A,,A,,A,,A,0,D,,A,,A,,A,,A,,A,,A,,A,11,D,2015,D,2,D,,A,16037,D,15937,D,15837,D,01,D,1,D,,A,,A,600,D,600,D,600,D,1,D,2,D
20203,04508011,11,0,1,01,D,100,D,.0525,D,71581,D,10,D,768,D,,A,,A,,A,,A,0,D,594,D,596,D,599,D,174,D,172,D,169,D,,A,05,D,2015,D,1,D,,A,39860,D,39267,D,38671,D,01,D,,A,,A,,A,,A,,A,,A,1,D,2,D
20203,04510841,11,0,1,01,D,100,D,.0475,D,50000,D,15,D,389,D,,A,,A,,A,,A,0,D,265,D,266,D,267,D,124,D,123,D,122,D,,A,07,D,2013,D,1,D,,A,31268,D,31003,D,30736,D,01,D,,A,,A,,A,,A,,A,,A,1,D,2,D
20203,04512031,27,0,1,01,D,100,D,.0400,D,30000,D,10,D,304,D,,A,,A,,A,,A,0,D,,A,,A,,A,,A,,A,,A,,A,03,D,2017,D,2,D,,A,21530,D,21298,D,21065,D,01,D,1,D,,A,,A,250,D,250,D,250,D,1,D,2,D
20203,04513741,13,0,1,01,D,100,D,.0500,F,40000,F,15,F,332,F,,B,,B,,B,,B,16,F,163,F,164,F,164,F,153,F,152,F,152,F,,A,08,F,2018,F,1,F,,A,36730,F,36567,F,36403,F,01,D,1,D,,A,,A,,A,,A,,A,1,D,2,D
20203,04514271,16,0,1,01,D,100,D,.0400,D,117600,D,15,D,887,D,,B,,B,,B,,B,17,D,532,D,533,D,535,D,338,D,337,D,335,D,,A,10,D,2017,D,1,D,,A,101487,D,100955,D,100422,D,01,D,,A,,A,,A,,A,,A,,A,1,D,2,D
20204,04310594,12,0,5,01,D,100,D,.0500,D,160000,D,10,D,1697,D,,C,,C,,C,,C,0,D,2024,T,2032,T,2275,T,632,D,627,D,623,D,,A,11,D,2019,D,1,D,,A,240725,T,239352,T,237974,T,01,D,,A,,A,,A,,A,,A,,A,,C,,A
20204,04312014,52,0,5,01,D,100,D,.0500,D,98986,D,16,D,750,D,,A,,A,,A,,A,0,D,558,D,561,D,563,D,192,D,189,D,187,D,,A,06,D,2010,D,1,D,,A,46013,D,45455,D,44894,D,01,D,,A,,A,,A,,A,,A,,A,1,D,2,D
20204,04313274,35,0,5,01,D,100,D,.0460,D,30000,D,10,D,332,D,,B,,B,,B,,B,20,D,227,D,228,D,229,D,85,D,84,D,83,D,,A,06,D,2017,D,1,D,,A,22185,D,21958,D,21730,D,01,D,,A,,A,,A,,A,,A,,A,1,D,2,D
20204,04313864,30,0,5,01,D,100,D,.0590,D,59500,D,10,D,658,D,,A,,A,,A,,A,0,D,0,D,0,D,0,D,365,D,365,D,365,D,,A,12,D,2018,D,2,D,,A,59500,D,59500,D,59500,D,01,D,1,D,,A,,A,375,D,375,D,365,D,,A,2,D
20204,04315464,5,0,1,01,D,100,D,.0425,F,53691,F,10,F,550,F,,A,,A,,A,,A,0,F,392,F,393,F,394,F,158,F,157,F,156,F,,A,09,F,2018,F,1,F,,A,44694,F,44302,F,43909,F,01,D,1,D,,A,,A,,A,,A,,A,1,D,2,D
20204,04320174,17,0,5,01,D,100,D,.0400,D,32000,D,13,D,320,D,3,D,,A,,A,,A,57,D,225,D,225,D,226,D,38,D,38,D,37,D,,A,06,D,2011,D,1,D,,A,11493,D,11268,D,11043,D,01,D,,A,,A,,A,,A,,A,,A,1,D,2,D
20204,04320374,16,0,5,01,D,100,D,.0472,D,130000,D,20,D,838,D,,A,,A,,A,,A,0,D,321,D,322,D,323,D,479,D,478,D,477,D,,A,12,D,2019,D,2,D,,A,127686,D,127351,D,127014,D,01,D,,A,2,D,,A,800,D,800,D,800,D,1,D,2,D
20204,04320584,10,0,5,01,D,100,D,.0449,D,50000,D,15,D,382,D,,A,,A,,A,,A,0,D,0,D,0,D,0,D,382,D,382,D,382,D,,A,08,D,2012,D,1,D,,A,50000,D,50000,D,50000,D,01,D,,A,,A,,A,,A,,A,,A,,A,2,D
20204,04320594,25,0,5,01,D,100,D,.0529,F,120000,F,10,F,1290,F,,A,,A,,A,,A,0,F,0,F,0,F,0,F,500,F,500,F,500,F,,A,11,F,2018,F,2,F,,A,120000,F,120000,F,120000,F,01,D,1,D,,A,,A,500,F,500,F,500,F,,A,2,D
20204,04321024,17,0,5,01,D,100,D,.0460,F,120000,F,10,F,1249,F,,A,,A,,A,,A,0,F,2024,V,2032,V,2275,V,260,F,256,F,253,F,,A,09,F,2015,F,2,F,,A,67846,F,66857,F,65864,F,01,D,,A,,A,,A,1440,V,1440,V,1492,V,1,D,2,D
20204,04321674,43,0,5,02,D,200,D,.0450,D,55000,D,5,D,1025,D,,A,,A,,A,,A,0,D,,A,,A,,A,,A,,A,,A,,A,09,D,2012,D,2,D,,A,,A,,A,,A,01,D,1,D,,A,,A,185,D,185,D,185,D,1,D,2,D
20204,04322504,44,0,5,01,D,100,D,.0540,D,60000,D,10,D,648,D,,A,,A,,A,,A,0,D,511,D,513,D,515,D,137,D,135,D,133,D,,A,01,D,2015,D,1,D,,A,30518,D,30008,D,29495,D,01,D,,A,,A,,A,,A,,A,,A,1,D,2,D
20204,04322874,65,0,5,01,D,100,D,.0529,F,120000,F,10,F,1290,F,,A,,A,,A,,A,0,F,0,F,0,F,0,F,500,F,500,F,500,F,,A,11,F,2018,F,2,F,,A,120000,F,120000,F,120000,F,01,D,,C,,C,,C,500,F,500,F,500,F,,A,2,D
20204,04324364,17,0,5,01,D,100,D,.0400,F,117600,F,15,F,887,F,,B,,B,,B,,B,17,F,537,F,539,F,541,F,333,F,331,F,329,F,,A,10,F,2017,F,1,F,,A,99886,F,99349,F,98810,F,01,D,,A,,A,,A,,A,,A,,A,1,D,2,D
20204,04325464,23,0,5,01,D,100,D,.0400,D,50000,D,10,D,506,D,,A,,A,,A,,A,0,D,363,D,364,D,365,D,143,D,142,D,141,D,,A,12,D,2018,D,1,D,,A,42994,D,42631,D,42267,D,01,D,,A,,A,,A,,A,,A,,A,1,D,2,D
20204,04327984,25,0,5,01,D,100,D,.0470,D,25000,D,15,D,233,D,,B,,B,,B,,B,39,D,,A,96,D,96,D,,A,98,D,98,D,,A,09,D,2020,D,1,D,,A,,A,25000,D,24904,D,01,D,,A,,A,,A,,A,,A,,A,1,D,2,D
20204,04328084,14,0,5,01,D,100,D,.0492,D,74331,D,5,D,1400,D,,A,,A,,A,,A,0,D,,A,,A,,A,,A,,A,,A,,A,04,D,2014,D,1,D,,A,,A,,A,,A,01,D,,A,,A,,A,,A,,A,,A,1,D,2,D
20204,04343464,18,0,5,01,D,100,D,.0440,D,50000,D,15,D,679,D,,B,,B,,B,,B,299,D,217,D,218,D,219,D,163,D,162,D,161,D,,A,06,D,2018,D,1,D,,A,44429,D,44212,D,43994,D,01,D,,A,,A,,A,,A,,A,,A,1,D,2,D
20204,04344094,15,0,1,01,D,100,D,.0439,D,55000,D,4,D,1252,D,,B,,B,,B,,B,1,D,2024,T,2032,T,2275,T,158,D,154,D,150,D,,A,10,D,2019,D,1,D,,A,43239,D,42146,D,41049,D,01,D,,A,,A,,A,,A,,A,,A,1,D,2,D
20204,04345324,20,0,5,01,D,100,D,.0425,D,53691,D,10,D,550,D,,A,,A,,A,,A,0,D,392,D,393,D,394,D,158,D,157,D,156,D,,A,09,D,2018,D,1,D,,A,44694,D,44302,D,43909,D,01,D,,A,,A,,A,,A,,A,,A,1,D,2,D
20204,04345784,14,0,5,01,D,100,D,.0529,D,120000,D,10,D,1290,D,,A,,A,,A,,A,0,D,0,D,0,D,0,D,500,D,500,D,500,D,,A,11,D,2018,D,2,D,,A,120000,D,120000,D,120000,D,01,D,1,D,,A,,A,500,D,500,D,500,D,,A,2,D
20204,04347614,27,0,5,01,D,100,D,.0473,D,14703,D,12,D,134,D,,A,,A,,A,,A,0,D,108,D,108,D,108,D,26,D,26,D,26,D,,A,05,D,2013,D,1,D,,A,6722,D,6615,D,6507,D,01,D,,A,,A,,A,,A,,A,,A,1,D,2,D
20204,04350994,30,0,5,01,D,100,D,.0550,D,60000,D,15,D,500,D,,B,,B,,B,,B,10,D,229,D,230,D,231,D,261,D,260,D,259,D,,A,07,D,2019,D,1,D,,A,56899,D,56669,D,56439,D,01,D,,A,,A,,A,,A,,A,,A,1,D,2,D
20204,04379103,11,0,1,01,D,100,D,.0475,F,50000,F,15,F,389,F,,A,,A,,A,,A,0,F,263,F,264,F,265,F,126,F,125,F,124,F,,A,12,F,2013,F,1,F,,A,31795,F,31532,F,31268,F,01,D,1,D,,A,,A,,A,,A,,A,1,D,2,D
20204,04386153,9,0,1,01,D,100,D,.0482,D,7398,D,5,D,139,D,,A,,A,,A,,A,0,D,115,D,116,D,116,D,24,D,23,D,23,D,,A,06,D,2019,D,1,D,,A,5943,D,5827,D,5712,D,01,D,,A,,A,,A,,A,,A,,A,1,D,2,D
20204,04386893,33,0,5,01,D,100,D,.0402,F,60000,F,4,F,1800,F,3,F,4,F,,A,,A,445,F,2024,V,2032,V,2275,V,189,F,185,F,182,F,,A,06,F,2020,F,1,F,,A,56526,F,55361,F,54191,F,01,D,,A,,A,,A,,A,,A,,A,1,D,2,D
20204,04389013,37,0,5,01,D,100,D,.0460,D,85831,D,15,D,661,D,,A,,A,,A,,A,0,D,427,D,429,D,431,D,176,D,174,D,173,D,,A,01,D,2015,D,1,D,,A,60953,D,60526,D,60097,D,01,D,,A,,A,,A,,A,,A,,A,1,D,2,D
20204,04390383,45,0,5,02,D,300,D,.0700,D,,T,20,D,1120,D,3,D,4,D,,A,,A,190,D,596,T,599,T,602,T,150,D,145,D,141,D,,A,01,D,2003,D,1,D,,A,25684,D,24904,D,24119,D,01,D,,A,,A,,A,,A,,A,,A,1,D,2,D
20204,04393203,19,0,5,01,D,100,D,.0500,D,40000,D,15,D,332,D,,B,,B,,B,,B,16,D,165,D,166,D,166,D,151,D,150,D,150,D,,A,08,D,2018,D,1,D,,A,36239,D,36074,D,35908,D,01,D,,A,,A,,A,,A,,A,,A,1,D,2,D
20204,04393993,36,0,5,01,D,100,D,.0450,D,49555,D,17,D,348,D,,A,,A,,A,,A,0,D,253,D,254,D,255,D,95,D,94,D,93,D,,A,09,D,2010,D,1,D,,A,25289,D,25035,D,24781,D,01,D,,A,,A,,A,,A,,A,,A,1,D,2,D
20204,04394543,32,0,5,01,D,100,D,.0460,D,11813,D,10,D,123,D,,A,,A,,A,,A,0,D,99,D,99,D,99,D,24,D,24,D,24,D,,A,06,D,2015,D,1,D,,A,6385,D,6287,D,6188,D,01,D,,A,,A,,A,,A,,A,,A,1,D,2,D
20204,04395493,15,0,5,01,D,100,D,.0472,D,28653,D,10,D,300,D,,A,,A,,A,,A,0,D,190,D,190,D,191,D,110,D,110,D,109,D,,A,05,D,2020,D,1,D,,A,28089,D,27899,D,27709,D,01,D,,A,,A,,A,,A,,A,,A,1,D,2,D
20204,04399824,33,0,5,01,D,100,D,.0472,D,59648,D,5,D,1118,D,,A,,A,,A,,A,0,D,2024,T,2032,T,2275,T,228,D,224,D,221,D,,A,06,D,2020,D,1,D,,A,57878,D,56987,D,56094,D,01,D,,A,,A,,A,,A,,A,,A,1,D,2,D
20204,04402403,26,0,5,01,D,100,D,.0472,D,38204,D,10,D,400,D,,A,,A,,A,,A,0,D,,A,250,D,251,D,,A,150,D,149,D,,A,09,D,2020,D,1,D,,A,,A,38204,D,37954,D,01,D,,A,,A,,A,,A,,A,,A,1,D,2,D
20204,04404083,22,0,5,01,D,100,D,.0529,D,155000,D,15,D,1397,D,3,D,,A,,A,,A,148,D,640,D,643,D,646,D,609,D,606,D,603,D,,A,04,D,2018,D,1,D,,A,138180,D,137541,D,136898,D,01,D,,A,,A,,A,,A,,A,,A,1,D,2,D
20204,04404113,16,0,1,01,D,100,D,.0472,F,69627,F,17,F,497,F,,A,,A,,A,,A,0,F,226,F,227,F,228,F,271,F,270,F,269,F,,A,05,F,2020,F,1,F,,A,68955,F,68729,F,68503,F,01,D,,A,,A,,A,,A,,A,,A,1,D,2,D
20204,04404223,42,0,5,01,D,100,D,.0521,F,100000,F,10,F,1200,F,,B,,B,,B,,B,129,F,2024,V,2032,V,2275,V,67,F,63,F,59,F,,A,12,F,2011,F,1,F,,A,15513,F,14509,F,13501,F,01,D,,A,,A,,A,,A,,A,,A,1,D,2,D
20204,04408073,13,0,5,01,D,100,D,.0400,D,50000,D,10,D,527,D,,B,,B,,B,,B,21,D,348,D,350,D,351,D,158,D,156,D,155,D,,A,01,D,2020,D,1,D,,A,47253,D,46905,D,46555,D,01,D,,A,,A,,A,,A,,A,,A,1,D,2,D
20204,04410663,17,0,5,01,D,100,D,.0460,F,30000,F,10,F,332,F,,B,,B,,B,,B,20,F,227,F,228,F,229,F,85,F,84,F,83,F,,A,06,F,2017,F,1,F,,A,22185,F,21958,F,21730,F,01,D,,A,,A,,A,,A,,A,,A,1,D,2,D
20204,04411273,35,0,5,01,D,100,D,.0472,F,38204,F,10,F,400,F,,A,,A,,A,,A,0,F,,A,250,F,251,F,,A,150,F,149,F,,A,09,F,2020,F,1,F,,A,,A,38204,F,37954,F,01,D,,A,,A,,A,,A,,A,,A,1,D,2,D
20204,04411693,27,0,5,01,D,100,D,.0500,F,160000,F,10,F,1697,F,,C,,C,,C,,C,0,F,2024,V,2032,V,2275,V,632,F,627,F,623,F,,A,11,F,2019,F,1,F,,A,240725,V,239352,V,237974,V,01,D,,A,,A,3,D,,A,,A,,A,,C,,A
20204,04415963,19,0,5,01,D,100,D,.0475,D,19000,D,10,D,199,D,,A,,A,,A,,A,0,D,0,D,0,D,0,D,0,D,0,D,0,D,,A,02,D,2017,D,2,D,,A,13200,D,13053,D,12905,D,01,D,1,D,,A,,A,0,D,0,D,0,D,1,D,2,D
20204,04422432,18,0,5,01,D,100,D,.0662,D,75000,D,15,D,658,D,,A,,A,,A,,A,0,D,,A,,A,,A,,A,,A,,A,,A,03,D,2005,D,2,D,,A,,A,,A,,A,01,D,1,D,,A,,A,265,D,265,D,265,D,1,D,2,D
20204,04423092,33,0,5,01,D,100,D,.0475,D,30000,D,15,D,397,D,,B,,B,,B,,B,164,D,202,D,203,D,203,D,31,D,30,D,30,D,,A,07,D,2008,D,1,D,,A,7883,D,7681,D,7478,D,01,D,,A,,A,,A,,A,,A,,A,1,D,2,D
20204,04429792,31,0,5,01,D,100,D,.0460,D,97388,D,15,D,750,D,,A,,A,,A,,A,0,D,478,D,479,D,481,D,272,D,271,D,269,D,,A,05,D,2015,D,1,D,,A,71082,D,70604,D,70125,D,01,D,,A,,A,,A,,A,,A,,A,1,D,2,D
20204,04429802,19,0,1,01,D,100,D,.0544,D,331395,T,5,D,1200,D,,A,,A,,A,,A,,B,,A,,A,,A,,A,,A,,A,,A,03,D,2010,D,1,D,,A,,A,,A,,A,01,D,,A,,A,,A,,A,,A,,A,1,D,2,D
20204,04430022,20,0,1,01,D,100,D,.0472,D,100000,D,1,D,6313,T,,C,,C,,C,,C,0,D,,A,,A,2275,T,,A,,A,393,D,,A,09,D,2020,D,1,D,,A,,A,,A,100000,D,01,D,,A,,A,,A,,A,,A,,A,,C,,A
20204,04430922,21,0,5,01,D,100,D,.0400,D,30000,D,15,D,358,D,,B,,B,,B,,B,136,D,158,D,158,D,159,D,64,D,64,D,63,D,,A,02,D,2014,D,1,D,,A,19311,D,19153,D,18995,D,01,D,,A,,A,,A,,A,,A,,A,1,D,2,D
20204,04464382,33,0,5,01,D,100,D,.0900,D,12000,D,5,D,250,D,,B,,B,,B,,B,1,D,177,D,178,D,179,D,72,D,71,D,70,D,,A,06,D,2019,D,1,D,,A,9662,D,9486,D,9308,D,01,D,,A,,A,,A,,A,,A,,A,1,D,2,D
20204,04467652,23,0,5,01,D,100,D,.0472,D,69627,D,17,D,497,D,,A,,A,,A,,A,0,D,226,D,227,D,228,D,271,D,270,D,269,D,,A,05,D,2020,D,1,D,,A,68955,D,68729,D,68503,D,01,D,,A,,A,,A,,A,,A,,A,1,D,2,D
20204,04469512,24,0,5,01,D,100,D,.0569,D,60000,D,20,D,419,D,,A,,A,,A,,A,0,D,147,D,148,D,149,D,272,D,271,D,270,D,,A,01,D,2019,D,1,D,,A,57332,D,57185,D,57037,D,01,D,,A,,A,,A,,A,,A,,A,1,D,2,D
20204,04470192,21,0,5,01,D,100,D,.0475,F,50000,F,15,F,389,F,,A,,A,,A,,A,0,F,263,F,264,F,265,F,126,F,125,F,124,F,,A,12,F,2013,F,1,F,,A,31795,F,31532,F,31268,F,01,D,,A,,A,,A,,A,,A,,A,1,D,2,D
20204,04470742,27,0,5,01,D,100,D,.0529,D,99000,D,15,D,798,D,,A,,A,,A,,A,0,D,,A,,A,,A,,A,,A,,A,,A,09,D,2018,D,2,D,,A,90270,D,89870,D,89468,D,01,D,1,D,,A,,A,,C,,C,,C,1,D,2,D
20204,04471142,14,0,1,01,D,100,D,.0529,D,45907,D,15,D,370,D,,A,,A,,A,,A,0,D,188,D,189,D,190,D,182,D,181,D,180,D,,A,06,D,2018,D,1,D,,A,41300,D,41112,D,40923,D,01,D,,A,,A,,A,,A,,A,,A,1,D,2,D
20204,04471412,29,0,5,01,D,100,D,.0460,D,120000,D,10,D,1249,D,,A,,A,,A,,A,0,D,2024,T,2032,T,2275,T,260,D,256,D,253,D,,A,09,D,2015,D,2,D,,A,67846,D,66857,D,65864,D,01,D,1,D,,A,,A,1440,T,1440,T,1492,T,1,D,2,D
20204,04504562,28,0,5,01,D,100,D,.0521,F,100000,F,10,F,1200,F,,B,,B,,B,,B,129,F,2024,V,2032,V,2275,V,67,F,63,F,59,F,,A,12,F,2011,F,1,F,,A,15513,F,14509,F,13501,F,01,D,,A,,A,,A,,A,,A,,A,1,D,2,D
20204,04505002,40,0,5,01,D,100,D,.0472,D,9000,D,15,D,70,D,,A,,A,,A,,A,0,D,371,D,372,D,374,D,329,D,328,D,326,D,,A,03,D,2019,D,2,D,,A,8358,D,8321,D,8284,D,01,D,1,D,,A,,A,450,D,300,D,700,D,1,D,2,D
20204,04506512,34,0,5,01,D,100,D,.0800,D,30000,D,15,D,300,D,,B,,B,,B,,B,13,D,92,D,92,D,93,D,195,D,195,D,194,D,,A,01,D,2020,D,1,D,,A,29288,D,29196,D,29103,D,01,D,,A,,A,,A,,A,,A,,A,1,D,2,D
20204,04507032,17,0,5,01,D,100,D,.0460,D,21000,D,15,D,162,D,,A,,A,,A,,A,0,D,124,D,125,D,125,D,74,D,73,D,73,D,,A,11,D,2015,D,2,D,,A,15735,D,15634,D,15532,D,01,D,1,D,,A,,A,198,D,198,D,198,D,1,D,2,D
20204,04507412,20,0,1,01,D,100,D,.0500,F,160000,F,10,F,1697,F,,C,,C,,C,,C,0,F,2024,V,2032,V,2275,V,632,F,627,F,623,F,,A,11,F,2019,F,1,F,,A,240725,V,239352,V,237974,V,01,D,,A,,A,,A,,A,,A,,A,,C,,A
20204,04509262,17,0,1,01,D,100,D,.0709,D,100000,D,15,D,904,D,,A,,A,,A,,A,0,D,,A,,A,,A,,A,,A,,A,,A,05,D,2007,D,2,D,,A,17003,D,16199,D,15391,D,01,D,1,D,,A,,A,694,D,701,D,704,D,1,D,2,D
20204,04510842,15,0,5,01,D,100,D,.0475,D,50000,D,15,D,389,D,,A,,A,,A,,A,0,D,263,D,264,D,265,D,126,D,125,D,124,D,,A,12,D,2013,D,1,D,,A,31795,D,31532,D,31268,D,01,D,,A,,A,,A,,A,,A,,A,1,D,2,D
20204,04512032,28,0,5,01,D,100,D,.0400,D,30000,D,10,D,304,D,,A,,A,,A,,A,0,D,2024,T,2032,T,2275,T,549,D,543,D,536,D,,A,03,D,2017,D,2,D,,A,20832,D,20597,D,20362,D,01,D,1,D,,A,,A,1440,T,1440,T,1492,T,1,D,2,D
20204,04513742,20,0,5,01,D,100,D,.0400,D,42000,D,10,D,425,D,,A,,A,,A,,A,0,D,,A,,A,,A,,A,,A,,A,,A,10,D,2020,D,2,D,102020,D,42284,D,42000,D,41715,D,01,D,1,D,,A,,A,,C,,C,,C,1,D,2,D
20204,04514272,18,0,5,01,D,100,D,.0400,D,117600,D,15,D,887,D,,B,,B,,B,,B,17,D,537,D,539,D,541,D,333,D,331,D,329,D,,A,10,D,2017,D,1,D,,A,99886,D,99349,D,98810,D,01,D,,A,,A,,A,,A,,A,,A,1,D,2,D
20204,04552331,14,0,1,01,D,100,D,.0500,F,98986,F,16,F,750,F,,A,,A,,A,,A,0,F,558,F,561,F,563,F,192,F,189,F,187,F,,A,06,F,2010,F,1,F,,A,46013,F,45455,F,44894,F,01,D,,A,2,D,,A,,A,,A,,A,1,D,2,D
20204,04552744,19,0,1,02,D,200,D,.0472,D,15649,D,6,D,250,D,,A,,A,,A,,A,0,D,196,D,197,D,198,D,54,D,53,D,52,D,,A,09,D,2019,D,1,D,,A,13731,D,13535,D,13338,D,01,D,,A,,A,,A,,A,,A,,A,1,D,2,D
20204,04553741,13,0,1,01,D,100,D,.0529,F,155000,F,15,F,1397,F,3,F,,A,,A,,A,148,F,640,F,643,F,646,F,609,F,606,F,603,F,,A,04,F,2018,F,1,F,,A,138180,F,137541,F,136898,F,01,D,,A,,A,,A,,A,,A,,A,1,D,2,D
20204,04557781,17,0,1,01,D,100,D,.0600,D,9652,D,7,D,141,D,,A,,A,,A,,A,0,D,105,D,106,D,106,D,36,D,35,D,35,D,,A,07,D,2018,D,1,D,,A,7189,D,7084,D,6978,D,01,D,,A,,A,,A,,A,,A,,A,1,D,2,D
20204,04558821,15,0,1,01,D,100,D,,C,,C,5,D,,A,,C,,C,,C,,C,,B,,A,,A,,A,,A,,A,,A,,A,12,D,2020,D,2,D,,A,,A,,A,,A,01,D,1,D,,A,,A,0,D,0,D,0,D,,C,,A
20204,04563311,7,0,1,01,D,100,D,.0460,F,85831,F,15,F,661,F,,A,,A,,A,,A,0,F,427,F,429,F,431,F,176,F,174,F,173,F,,A,01,F,2015,F,1,F,,A,60953,F,60526,F,60097,F,01,D,1,D,,A,,A,,A,,A,,A,1,D,2,D
20204,04570931,30,0,1,01,D,100,D,.0402,D,60000,D,4,D,1800,D,3,D,4,D,,A,,A,445,D,2024,T,2032,T,2275,T,189,D,185,D,182,D,,A,06,D,2020,D,1,D,,A,56526,D,55361,D,54191,D,01,D,,A,,A,,A,,A,,A,,A,1,D,2,D
20204,04571451,21,0,1,01,D,100,D,.0440,D,74769,D,20,D,469,D,,A,,A,,A,,A,0,D,231,D,232,D,233,D,238,D,237,D,236,D,,A,10,D,2016,D,1,D,,A,64795,D,64563,D,64331,D,01,D,,A,,A,,A,,A,,A,,A,1,D,2,D
20204,04572211,27,0,1,01,D,100,D,.0521,F,100000,F,10,F,1200,F,,B,,B,,B,,B,129,F,2024,V,2032,V,2275,V,67,F,63,F,59,F,,A,12,F,2011,F,1,F,,A,15513,F,14509,F,13501,F,01,D,,A,,A,,A,,A,,A,,A,1,D,2,D
20204,04576551,20,0,1,01,D,100,D,.0460,D,25000,D,10,D,260,D,,A,,A,,A,,A,0,D,,A,,A,,A,,A,,A,,A,,A,07,D,2015,D,2,D,,A,13514,D,13305,D,13096,D,01,D,1,D,,A,,A,40,D,40,D,40,D,1,D,2,D
20204,04576601,15,0,1,01,D,100,D,.0472,D,17996,D,20,D,116,D,,A,,A,,A,,A,0,D,45,D,46,D,46,D,71,D,70,D,70,D,,A,08,D,2020,D,1,D,,A,17951,D,17905,D,17860,D,01,D,,A,,A,,A,,A,,A,,A,1,D,2,D
20204,04576731,12,0,1,01,D,100,D,.0521,D,100000,D,10,D,1200,D,,B,,B,,B,,B,129,D,2024,T,2032,T,2275,T,67,D,63,D,59,D,,A,12,D,2011,D,1,D,,A,15513,D,14509,D,13501,D,01,D,,A,,A,,A,,A,,A,,A,1,D,2,D
20204,04577141,26,0,1,01,D,100,D,.0849,D,35000,D,20,D,304,D,,A,,A,,A,,A,0,D,,A,,A,56,D,,A,,A,248,D,,A,11,D,2020,D,1,D,,A,,A,,A,35000,D,01,D,,A,,A,,A,,A,,A,,A,1,D,2,D
20211,04386154,15,0,5,01,D,100,D,.0482,D,13214,D,10,D,139,D,,A,,A,,A,,A,0,D,92,D,92,D,92,D,47,D,47,D,47,D,,A,06,D,2019,D,1,D,,A,11797,D,11705,D,11613,D,01,D,,A,,A,,A,,A,,A,,A,1,D,2,D
20211,04386894,28,0,5,01,D,100,D,.0400,F,60000,F,15,F,500,F,,B,,B,,B,,B,56,F,252,F,253,F,254,F,192,F,191,F,190,F,,A,02,F,2020,F,1,F,,A,57523,F,57271,F,57018,F,01,D,,A,,A,,A,,A,,A,,A,1,D,2,D
20211,04390384,43,0,5,02,D,300,D,.0700,D,,T,20,D,1257,D,3,D,4,D,5,D,,A,327,D,596,T,599,T,602,T,145,D,141,D,136,D,,A,03,D,2003,D,1,D,102020,D,24904,D,24119,D,23330,D,01,D,,A,,A,,A,,A,,A,,A,1,D,2,D
20211,04393204,24,0,5,01,D,100,D,.0500,D,40000,D,15,D,332,D,,B,,B,,B,,B,16,D,167,D,168,D,168,D,149,D,148,D,148,D,,A,08,D,2018,D,1,D,,A,35742,D,35575,D,35407,D,01,D,,A,,A,,A,,A,,A,,A,1,D,2,D
20211,04393994,22,0,5,01,D,100,D,.0450,D,49555,D,17,D,348,D,,A,,A,,A,,A,0,D,256,D,257,D,258,D,92,D,91,D,90,D,,A,09,D,2010,D,1,D,,A,24526,D,24270,D,24013,D,01,D,,A,,A,,A,,A,,A,,A,1,D,2,D
20211,04394544,43,0,5,01,D,100,D,.0460,D,11813,D,10,D,123,D,,A,,A,,A,,A,0,D,100,D,100,D,100,D,23,D,23,D,23,D,,A,06,D,2015,D,1,D,,A,6089,D,5989,D,5889,D,01,D,,A,,A,,A,,A,,A,,A,1,D,2,D
20211,04395494,24,0,5,01,D,100,D,.0472,D,28653,D,10,D,300,D,,A,,A,,A,,A,0,D,192,D,193,D,193,D,108,D,107,D,107,D,,A,05,D,2020,D,1,D,,A,27518,D,27326,D,27134,D,01,D,,A,,A,,A,,A,,A,,A,1,D,2,D
20211,04402404,26,0,5,01,D,100,D,.0472,D,38204,D,10,D,400,D,,A,,A,,A,,A,0,D,252,D,253,D,254,D,148,D,147,D,146,D,,A,09,D,2020,D,1,D,,A,37704,D,37452,D,37199,D,01,D,,A,,A,,A,,A,,A,,A,1,D,2,D
20211,04404084,24,0,5,01,D,100,D,.0529,D,155000,D,15,D,1397,D,3,D,,A,,A,,A,148,D,648,D,651,D,654,D,601,D,598,D,595,D,,A,04,D,2018,D,1,D,,A,136252,D,135604,D,134953,D,01,D,,A,,A,,A,,A,,A,,A,1,D,2,D
20211,04404224,29,0,5,01,D,100,D,.0521,F,100000,F,10,F,1200,F,,B,,B,,B,,B,129,F,2024,V,2032,V,2275,V,54,F,50,F,45,F,,A,12,F,2011,F,1,F,,A,12489,F,11472,F,10451,F,01,D,,A,,A,,A,,A,,A,,A,1,D,2,D
20211,04408074,22,0,5,01,D,100,D,.0400,D,50000,D,10,D,527,D,,B,,B,,B,,B,21,D,352,D,353,D,354,D,154,D,153,D,152,D,,A,01,D,2020,D,1,D,,A,46204,D,45853,D,45499,D,01,D,,A,,A,,A,,A,,A,,A,1,D,2,D
20211,04410664,25,0,5,01,D,100,D,.0800,F,30000,F,15,F,300,F,,B,,B,,B,,B,13,F,94,F,94,F,95,F,193,F,193,F,192,F,,A,01,F,2020,F,1,F,,A,29010,F,28917,F,28823,F,01,D,,A,,A,,A,,A,,A,,A,1,D,2,D
20211,04411274,33,0,5,01,D,100,D,.0529,F,155000,F,15,F,1397,F,3,F,,A,,A,,A,148,F,648,F,651,F,654,F,601,F,598,F,595,F,,A,04,F,2018,F,1,F,,A,136252,F,135604,F,134953,F,01,D,,A,,A,,A,,A,,A,,A,1,D,2,D
20211,04411414,38,0,5,01,D,100,D,.0472,D,141701,D,15,D,1100,D,,A,,A,,A,,A,0,D,,A,543,D,545,D,,A,557,D,555,D,,A,01,D,2021,D,1,D,,A,,A,141701,D,141158,D,01,D,,A,,A,,A,,A,,A,,A,1,D,2,D
20211,04411694,21,0,5,01,D,100,D,.0472,F,100000,F,1,F,6313,V,,C,,C,,C,,C,0,F,2024,V,2032,V,2275,V,361,F,329,F,297,F,,A,09,F,2020,F,1,F,,A,91845,F,83659,F,75440,F,01,D,,A,,A,3,D,,A,,A,,A,,C,,A
20211,04415944,25,0,5,01,D,100,D,.0482,F,13214,F,10,F,139,F,,A,,A,,A,,A,0,F,92,F,92,F,92,F,47,F,47,F,47,F,,A,06,F,2019,F,1,F,,A,11797,F,11705,F,11613,F,01,D,,A,,A,,A,,A,,A,,A,1,D,2,D
20211,04415964,9,0,5,01,D,100,D,.0475,D,19000,D,10,D,199,D,,A,,A,,A,,A,0,D,0,D,0,D,0,D,0,D,0,D,0,D,,A,02,D,2017,D,2,D,,A,12757,D,12608,D,12459,D,01,D,1,D,,A,,A,0,D,0,D,0,D,1,D,2,D
20211,04419444,26,0,5,01,D,100,D,.0400,D,60000,D,15,D,500,D,,B,,B,,B,,B,56,D,252,D,253,D,254,D,192,D,191,D,190,D,,A,02,D,2020,D,1,D,,A,57523,D,57271,D,57018,D,01,D,,A,,A,,A,,A,,A,,A,1,D,2,D
20211,04422433,17,0,5,01,D,100,D,.0662,D,75000,D,20,D,564,D,,A,,A,,A,,A,0,D,176,D,177,D,178,D,59,D,58,D,57,D,,A,03,D,2005,D,2,D,,A,25880,D,25458,D,25034,D,01,D,1,D,,A,,A,220,D,227,D,235,D,1,D,2,D
20211,04423093,29,0,5,01,D,100,D,.0475,D,30000,D,15,D,397,D,,B,,B,,B,,B,164,D,204,D,205,D,206,D,29,D,28,D,27,D,,A,07,D,2008,D,1,D,,A,7275,D,7071,D,6866,D,01,D,,A,,A,,A,,A,,A,,A,1,D,2,D
20211,04423953,13,0,1,01,D,100,D,.0800,D,21265,D,10,D,258,D,,A,,A,,A,,A,0,D,152,D,153,D,154,D,106,D,105,D,104,D,,A,06,D,2017,D,1,D,,A,15957,D,15805,D,15653,D,01,D,,A,,A,,A,,A,,A,,A,1,D,2,D
20211,04429793,36,0,5,01,D,100,D,.0492,D,110000,D,19,D,750,D,,B,,B,,B,,B,6,D,405,D,406,D,408,D,339,D,338,D,336,D,,A,03,D,2014,D,1,D,,A,82730,D,82325,D,81919,D,02,D,,A,,A,,A,,A,,A,,A,1,D,2,D
20211,04429793,37,0,5,01,D,100,D,.0460,D,97388,D,15,D,750,D,,A,,A,,A,,A,0,D,470,D,472,D,474,D,280,D,278,D,276,D,,A,12,D,2015,D,1,D,,A,72974,D,72503,D,72031,D,01,D,,A,,A,,A,,A,,A,,A,1,D,2,D
20211,04429803,28,0,5,01,D,100,D,.0529,F,155000,F,15,F,1397,F,3,F,,A,,A,,A,148,F,648,F,651,F,654,F,601,F,598,F,595,F,,A,04,F,2018,F,1,F,,A,136252,F,135604,F,134953,F,01,D,,A,,A,,A,,A,,A,,A,1,D,2,D
20211,04429843,32,0,5,01,D,100,D,.0472,D,25000,D,5,D,469,D,,A,,A,,A,,A,0,D,0,D,0,D,0,D,469,D,469,D,469,D,,A,10,D,2020,D,1,D,,A,25000,D,25000,D,25000,D,01,D,,A,,A,,A,,A,,A,,A,,A,2,D
20211,04430023,25,0,5,01,D,100,D,.0472,D,100000,D,1,D,6313,T,,C,,C,,C,,C,0,D,2024,T,2032,T,2275,T,361,D,329,D,297,D,,A,09,D,2020,D,1,D,,A,91845,D,83659,D,75440,D,01,D,,A,,A,,A,,A,,A,,A,,C,,A
20211,04430923,17,0,5,01,D,100,D,.0400,D,30000,D,15,D,358,D,,B,,B,,B,,B,136,D,155,D,156,D,156,D,67,D,66,D,66,D,,A,10,D,2014,D,1,D,,A,20091,D,19936,D,19780,D,01,D,,A,,A,,A,,A,,A,,A,1,D,2,D
20211,04469513,21,0,5,01,D,100,D,.0569,D,60000,D,20,D,419,D,,A,,A,,A,,A,0,D,149,D,150,D,151,D,270,D,269,D,268,D,,A,01,D,2019,D,1,D,,A,56889,D,56740,D,56590,D,01,D,,A,,A,,A,,A,,A,,A,1,D,2,D
20211,04470193,30,0,5,01,D,100,D,.0400,F,50000,F,10,F,527,F,,B,,B,,B,,B,21,F,352,F,353,F,354,F,154,F,153,F,152,F,,A,01,F,2020,F,1,F,,A,46204,F,45853,F,45499,F,01,D,,A,,A,,A,,A,,A,,A,1,D,2,D
20211,04470743,27,0,5,01,D,100,D,.0529,D,99000,D,15,D,798,D,,A,,A,,A,,A,0,D,490,D,492,D,494,D,475,D,473,D,471,D,,A,09,D,2018,D,2,D,,A,89064,D,88659,D,88252,D,01,D,1,D,,A,,A,1440,T,1440,T,1492,T,1,D,2,D
20211,04471413,35,0,5,01,D,100,D,.0460,D,120000,D,10,D,1249,D,,A,,A,,A,,A,0,D,2024,T,2032,T,2275,T,299,D,294,D,289,D,,A,09,D,2015,D,2,D,,A,64867,D,63866,D,62861,D,01,D,1,D,,A,,A,1440,T,1440,T,1492,T,1,D,2,D
20211,04472163,32,0,5,01,D,100,D,.0472,D,23000,D,15,D,1000,D,,B,,B,,B,,B,821,D,0,D,0,D,0,D,179,D,179,D,179,D,,A,01,D,2021,D,1,D,,A,23000,D,23000,D,23000,D,01,D,,A,,A,,A,,A,,A,,A,,A,2,D
20211,04504563,24,0,5,01,D,100,D,.0709,F,100000,F,15,F,904,F,,A,,A,,A,,A,0,F,605,F,609,F,612,F,64,F,60,F,57,F,,A,05,F,2007,F,2,F,,A,14578,F,13761,F,12938,F,01,D,,A,,A,,A,719,F,694,F,669,F,1,D,2,D
20211,04505003,49,0,5,01,D,100,D,.0472,D,10000,D,3,D,298,D,,A,,A,,A,,A,0,D,280,D,281,D,282,D,18,D,17,D,16,D,,A,04,D,2019,D,1,D,,A,4629,D,4349,D,4068,D,02,D,,A,,A,,A,,A,,A,,A,1,D,2,D
20211,04505003,50,0,5,01,D,100,D,.0472,D,9000,D,15,D,70,D,,A,,A,,A,,A,0,D,187,D,188,D,189,D,163,D,162,D,161,D,,A,03,D,2019,D,2,D,,A,8247,D,8210,D,8172,D,01,D,1,D,,A,,A,50,D,400,D,350,D,1,D,2,D
20211,04506513,20,0,5,01,D,100,D,.0800,D,30000,D,15,D,300,D,,B,,B,,B,,B,13,D,94,D,94,D,95,D,193,D,193,D,192,D,,A,01,D,2020,D,1,D,,A,29010,D,28917,D,28823,D,01,D,,A,,A,,A,,A,,A,,A,1,D,2,D
20211,04507033,26,0,5,01,D,100,D,.0460,D,21000,D,15,D,162,D,,A,,A,,A,,A,0,D,127,D,127,D,128,D,73,D,73,D,72,D,,A,11,D,2015,D,2,D,,A,15430,D,15328,D,15225,D,01,D,1,D,,A,,A,200,D,200,D,200,D,1,D,2,D
20211,04507413,21,0,5,01,D,100,D,.0472,F,100000,F,1,F,6313,V,,C,,C,,C,,C,0,F,2024,V,2032,V,2275,V,361,F,329,F,297,F,,A,09,F,2020,F,1,F,,A,91845,F,83659,F,75440,F,01,D,,A,,A,,A,,A,,A,,A,,C,,A
20211,04509263,23,0,5,01,D,100,D,.0709,D,100000,D,15,D,904,D,,A,,A,,A,,A,0,D,605,D,609,D,612,D,64,D,60,D,57,D,,A,05,D,2007,D,2,D,,A,14578,D,13761,D,12938,D,01,D,1,D,,A,,A,719,D,694,D,669,D,1,D,2,D
20211,04510843,16,0,5,01,D,100,D,.0475,D,50000,D,15,D,389,D,,A,,A,,A,,A,0,D,266,D,267,D,268,D,123,D,122,D,121,D,,A,12,D,2013,D,1,D,122020,D,31003,D,30736,D,30469,D,01,D,,A,,A,,A,133,D,133,D,133,D,1,D,2,D
20211,04512033,33,0,5,01,D,100,D,.0400,D,30000,D,10,D,304,D,,A,,A,,A,,A,0,D,195,D,195,D,196,D,55,D,55,D,54,D,,A,03,D,2017,D,2,D,,A,20126,D,19890,D,19652,D,01,D,1,D,,A,,A,250,D,250,D,250,D,1,D,2,D
20211,04513743,17,0,5,01,D,100,D,.0400,D,42000,D,10,D,425,D,,A,,A,,A,,A,0,D,0,D,0,D,0,D,0,D,0,D,0,D,,A,03,D,2020,D,2,D,,A,39398,D,39105,D,38810,D,01,D,1,D,,A,,A,0,D,0,D,0,D,1,D,2,D
20211,04514163,26,0,1,01,D,100,D,.0499,F,140000,F,15,F,1106,F,,A,,A,,A,,A,0,F,0,F,0,F,0,F,1106,F,1106,F,1106,F,,A,03,F,2015,F,1,F,,A,140000,F,140000,F,140000,F,01,D,,A,,A,,A,,A,,A,,A,,A,2,D
20211,04514273,16,0,5,01,D,100,D,.0400,D,117600,D,15,D,887,D,,B,,B,,B,,B,17,D,542,D,544,D,546,D,328,D,326,D,324,D,,A,10,D,2017,D,1,D,,A,98270,D,97727,D,97183,D,01,D,,A,,A,,A,,A,,A,,A,1,D,2,D
20211,04551332,25,0,5,01,D,100,D,.0400,F,52000,F,10,F,526,F,,A,,A,,A,,A,0,F,362,F,363,F,365,F,164,F,163,F,161,F,,A,04,F,2020,F,1,F,,A,49146,F,48783,F,48420,F,01,D,,A,,A,,A,,A,,A,,A,1,D,2,D
20211,04553742,17,0,5,01,D,100,D,.0529,F,155000,F,15,F,1397,F,3,F,,A,,A,,A,148,F,648,F,651,F,654,F,601,F,598,F,595,F,,A,04,F,2018,F,1,F,,A,136252,F,135604,F,134953,F,01,D,,A,,A,,A,,A,,A,,A,1,D,2,D
20211,04557782,24,0,5,01,D,100,D,.0600,D,9652,D,7,D,141,D,,A,,A,,A,,A,0,D,107,D,107,D,108,D,34,D,34,D,33,D,,A,07,D,2018,D,1,D,,A,6872,D,6766,D,6658,D,01,D,,A,,A,,A,,A,,A,,A,1,D,2,D
20211,04558822,13,0,5,01,D,100,D,.0472,F,52000,F,5,D,,A,,A,,A,,A,,A,0,F,770,F,773,F,776,F,205,F,202,F,198,F,,A,12,F,2020,D,2,D,,A,51230,F,50457,F,49681,F,01,D,1,D,,A,,A,1440,V,1440,V,1492,V,,C,,A
20211,04563312,18,0,5,01,D,100,D,.0635,F,87000,F,20,F,641,F,3,F,4,F,5,F,,A,0,F,231,F,233,F,234,F,410,F,408,F,407,F,,A,01,F,2017,F,1,F,,A,77390,F,77159,F,76926,F,01,D,1,D,,A,,A,,A,,A,,A,1,D,2,D
20211,04570932,60,0,5,01,D,100,D,.0402,D,60000,D,4,D,1800,D,3,D,4,D,,A,,A,445,D,2024,T,2032,T,2275,T,178,D,174,D,170,D,,A,06,D,2020,D,1,D,,A,53018,D,51840,D,50659,D,01,D,,A,,A,,A,,A,,A,,A,1,D,2,D
20211,04571362,38,0,5,01,D,100,D,.0472,D,331395,T,11,D,6313,T,,A,,A,,A,,A,0,D,453,D,455,D,456,D,247,D,245,D,244,D,,A,03,D,2019,D,2,D,,A,240725,T,239352,T,237974,T,01,D,,A,2,D,,A,1440,T,1440,T,700,D,1,D,2,D
20211,04571452,27,0,5,01,D,100,D,.0440,D,74769,D,20,D,469,D,,A,,A,,A,,A,0,D,234,D,235,D,236,D,235,D,234,D,233,D,,A,10,D,2016,D,1,D,,A,64098,D,63864,D,63629,D,01,D,,A,,A,,A,,A,,A,,A,1,D,2,D
20211,04571692,26,0,1,01,D,100,D,.0472,D,331395,T,15,D,6313,T,,A,,A,,A,,A,0,D,2024,T,2032,T,2275,T,2067,D,2059,D,2051,D,,A,12,D,2020,D,1,D,,A,240725,T,239352,T,237974,T,01,D,,A,,A,,A,,A,,A,,A,1,D,2,D
20211,04572212,32,0,5,01,D,100,D,.0521,F,100000,F,10,F,1200,F,,B,,B,,B,,B,129,F,2024,V,2032,V,2275,V,54,F,50,F,45,F,,A,12,F,2011,F,1,F,,A,12489,F,11472,F,10451,F,01,D,,A,,A,,A,,A,,A,,A,1,D,2,D
20211,04576552,26,0,5,01,D,100,D,.0460,D,25000,D,10,D,260,D,,A,,A,,A,,A,0,D,2024,T,2032,T,2275,T,492,D,484,D,476,D,,A,07,D,2015,D,2,D,,A,12886,D,12675,D,12463,D,01,D,1,D,,A,,A,1440,T,1440,T,1492,T,1,D,2,D
20211,04576732,26,0,5,01,D,100,D,.0521,D,100000,D,10,D,1200,D,,B,,B,,B,,B,129,D,2024,T,2032,T,2275,T,54,D,50,D,45,D,,A,12,D,2011,D,1,D,,A,12489,D,11472,D,10451,D,01,D,,A,,A,,A,,A,,A,,A,1,D,2,D
20211,04577142,38,0,5,01,D,100,D,.0849,D,35000,D,20,D,304,D,,A,,A,,A,,A,0,D,57,D,57,D,58,D,247,D,247,D,246,D,,A,11,D,2020,D,1,D,,A,34944,D,34887,D,34830,D,01,D,,A,,A,,A,,A,,A,,A,1,D,2,D
20211,04577712,34,0,1,01,D,100,D,.0472,F,9000,F,15,F,70,F,,A,,A,,A,,A,0,F,187,F,188,F,189,F,163,F,162,F,161,F,,A,03,F,2019,F,2,F,,A,8247,F,8210,F,8172,F,01,D,,A,,A,,A,50,F,400,F,350,F,1,D,2,D
20211,04578502,16,0,1,01,D,100,D,.0635,F,87000,F,20,F,641,F,3,F,4,F,5,F,,A,0,F,231,F,233,F,234,F,410,F,408,F,407,F,,A,01,F,2017,F,1,F,,A,77390,F,77159,F,76926,F,01,D,,A,,A,,A,,A,,A,,A,1,D,2,D
20211,04610241,19,0,1,01,D,100,D,.0440,D,35000,D,10,D,361,D,,A,,A,,A,,A,0,D,,A,,A,,A,,A,,A,,A,,A,06,D,2016,D,2,D,,A,21695,D,21413,D,21131,D,01,D,1,D,,A,,A,127,D,126,D,127,D,1,D,2,D
20211,04610661,14,0,1,01,D,100,D,.0460,F,97388,F,15,F,750,F,,A,,A,,A,,A,0,F,470,F,472,F,474,F,280,F,278,F,276,F,,A,12,F,2015,F,1,F,,A,72974,F,72503,F,72031,F,01,D,,A,,A,,A,,A,,A,,A,1,D,2,D
20211,04613931,23,0,1,01,D,100,D,.0500,D,60000,D,10,D,636,D,,A,,A,,A,,A,0,D,529,D,532,D,534,D,107,D,104,D,102,D,,A,06,D,2014,D,1,D,,A,25571,D,25042,D,24510,D,01,D,,A,,A,,A,,A,,A,,A,1,D,2,D
20211,04614731,38,0,1,01,D,100,D,.0472,D,21000,D,5,D,394,D,,A,,A,,A,,A,0,D,318,D,319,D,320,D,76,D,75,D,74,D,,A,05,D,2020,D,1,D,,A,19431,D,19113,D,18794,D,01,D,,A,,A,,A,,A,,A,,A,1,D,2,D
20211,04618281,60,0,1,01,D,100,D,.0499,D,140000,D,15,D,1106,D,,A,,A,,A,,A,0,D,0,D,0,D,0,D,1106,D,1106,D,1106,D,,A,03,D,2015,D,1,D,,A,140000,D,140000,D,140000,D,01,D,,A,,A,,A,,A,,A,,A,,A,2,D
20211,04657901,47,0,1,01,D,100,D,.0425,D,17000,D,5,D,358,D,,B,,B,,B,,B,43,D,268,D,269,D,270,D,47,D,46,D,45,D,,A,09,D,2019,D,1,D,,A,13350,D,13082,D,12813,D,01,D,,A,,A,,A,,A,,A,,A,1,D,2,D
20211,04661921,22,0,1,01,D,100,D,.0460,D,25000,D,5,D,467,D,,A,,A,,A,,A,0,D,,A,,A,,A,,A,,A,,A,,A,07,D,2015,D,2,D,,A,,A,,A,,A,01,D,,A,2,D,,A,1440,T,1440,T,1492,T,,A,2,D
20211,04679141,15,0,1,01,D,100,D,.0529,F,155000,F,15,F,1397,F,3,F,,A,,A,,A,148,F,648,F,651,F,654,F,601,F,598,F,595,F,,A,04,F,2018,F,1,F,,A,136252,F,135604,F,134953,F,01,D,,A,,A,,A,,A,,A,,A,1,D,2,D
20211,04680421,11,0,1,01,D,100,D,.0500,D,331395,T,20,D,6313,T,3,D,4,D,5,D,,A,1020,D,2024,T,2032,T,2275,T,841,D,836,D,831,D,,A,01,D,2012,D,1,D,,A,240725,T,239352,T,237974,T,01,D,,A,,A,,A,,A,,A,,A,1,D,2,D
20211,04681623,12,0,1,01,D,100,D,.0492,D,38000,D,15,D,400,D,,B,,B,,B,,B,101,D,201,D,202,D,203,D,98,D,97,D,96,D,,A,01,D,2014,D,1,D,,A,23876,D,23675,D,23473,D,01,D,,A,,A,,A,,A,,A,,A,1,D,2,D
20211,04681911,14,0,1,01,D,100,D,.0400,D,52000,D,10,D,526,D,,A,,A,,A,,A,0,D,362,D,363,D,365,D,164,D,163,D,161,D,,A,04,D,2020,D,1,D,,A,49146,D,48783,D,48420,D,01,D,,A,,A,,A,,A,,A,,A,1,D,2,D
20211,04683161,16,0,1,01,D,100,D,.0472,D,40000,D,10,D,420,D,,B,,B,,B,,B,1,D,268,D,269,D,270,D,151,D,150,D,149,D,,A,06,D,2020,D,1,D,,A,38414,D,38147,D,37878,D,01,D,,A,,A,,A,,A,,A,,A,1,D,2,D
20211,04684031,25,0,1,02,D,300,D,.0440,D,,T,10,D,280,D,,A,,A,,A,,A,0,D,596,T,599,T,602,T,58,D,57,D,56,D,,A,03,D,2016,D,1,D,,A,15725,D,15503,D,15280,D,01,D,,A,,A,,A,,A,,A,,A,1,D,2,D
20211,04686311,15,0,1,01,D,100,D,.0800,D,25000,D,15,D,400,D,,B,,B,,B,,B,161,D,162,D,163,D,164,D,77,D,76,D,75,D,,A,11,D,2010,D,1,D,,A,11606,D,11445,D,11282,D,01,D,,A,,A,,A,,A,,A,,A,1,D,2,D
20211,04688391,14,0,1,01,D,100,D,.0690,D,25000,D,10,D,289,D,,A,,A,,A,,A,0,D,171,D,172,D,173,D,118,D,117,D,116,D,,A,08,D,2018,D,1,D,,A,20601,D,20430,D,20259,D,01,D,,A,,A,,A,,A,,A,,A,1,D,2,D
20211,04690411,13,0,1,01,D,100,D,.0635,D,87000,D,20,D,641,D,3,D,4,D,5,D,,A,0,D,231,D,233,D,234,D,410,D,408,D,407,D,,A,01,D,2017,D,1,D,,A,77390,D,77159,D,76926,D,01,D,,A,,A,,A,,A,,A,,A,1,D,2,D
