QYEAR,NEWID,SEQNO,ALCNO,REC_ORIG,MEDRCARY,MEDR_ARY,MEDRGFTC,MEDR_FTC,MEDRMBMO,MEDR_BMO,MEDRMBX,MEDRMBX_,MEDRCY1,MEDRCY1_,MEDRCY2,MEDRCY2_,MEDRCY3,MEDRCY3_,MEDRCY4,MEDRCY4_,MEDRCY5,MEDRCY5_,MEDRCY6,MEDRCY6_,MEDRCY7,MEDRCY7_,MEDRCY8,MEDRCY8_,MEDRCY9,MEDRCY9_,MEDRPRNT,MEDR_RNT,MEDRNOUT,MEDR_OUT
20202,04216894,7,0,1,900,D,1,D,01,D,,H,620,D,110,D,,A,,A,,A,,A,,A,,A,,A,,A,,A
20202,04216894,7,1,1,620,D,1,D,01,D,21,E,,A,,A,,A,,A,,A,,A,,A,,A,,A,,A,,A
20202,04216894,7,2,1,110,D,1,D,01,D,179,E,,A,,A,,A,,A,,A,,A,,A,,A,,A,,A,,A
20202,04221184,14,0,1,420,D,1,D,03,D,50,D,,A,,A,,A,,A,,A,,A,,A,,A,,A,,A,,A
20202,04221674,12,0,1,530,D,1,D,02,D,575,T,,A,,A,,A,,A,,A,,A,,A,,A,,A,,A,,A
20202,04224484,20,0,2,610,D,1,D,01,D,500,D,,A,,A,,A,,A,,A,,A,,A,,A,,A,,A,,A
20202,04227364,15,0,1,510,D,1,D,04,D,517,T,,A,,A,,A,,A,,A,,A,,A,,A,,A,,A,,A
20202,04229644,18,0,1,200,D,1,D,03,D,50,D,,A,,A,,A,,A,,A,,A,,A,,A,,A,,A,,A
20202,04229644,19,0,1,200,D,1,D,04,D,75,D,,A,,A,,A,,A,,A,,A,,A,,A,,A,,A,,A
20202,04230334,12,0,2,420,D,1,D,02,D,25,D,,A,,A,,A,,A,,A,,A,,A,,A,,A,,A,,A
20202,04230444,14,0,2,620,D,1,D,02,D,50,D,,A,,A,,A,,A,,A,,A,,A,,A,,A,,A,,A
20202,04231514,20,0,1,200,D,1,D,04,D,755,D,,A,,A,,A,,A,,A,,A,,A,,A,,A,,A,,A
20202,04235874,17,0,1,120,D,1,D,03,D,100,D,,A,,A,,A,,A,,A,,A,,A,,A,,A,,A,,A
20202,04236934,17,0,1,420,D,1,D,05,D,133,D,,A,,A,,A,,A,,A,,A,,A,,A,,A,,A,,A
20202,04238014,26,0,1,410,D,1,D,04,D,157,D,,A,,A,,A,,A,,A,,A,,A,,A,,A,,A,1,D
20202,04238184,14,0,1,530,D,1,D,05,D,38,D,,A,,A,,A,,A,,A,,A,,A,,A,,A,,A,,A
20202,04238324,11,0,1,410,D,1,D,04,D,30,D,,A,,A,,A,,A,,A,,A,,A,,A,,A,,A,1,D
20202,04238324,12,0,1,620,D,1,D,03,D,80,D,,A,,A,,A,,A,,A,,A,,A,,A,,A,,A,,A
20202,04238414,10,0,2,610,D,1,D,03,D,100,D,,A,,A,,A,,A,,A,,A,,A,,A,,A,,A,,A
20202,04238464,11,0,1,410,D,1,D,03,D,300,D,,A,,A,,A,,A,,A,,A,,A,,A,,A,,A,1,D
20202,04238554,29,0,1,655,D,1,D,04,D,100,T,,A,,A,,A,,A,,A,,A,,A,,A,,A,1,D,,A
20202,04238554,30,0,1,655,D,1,D,05,D,20,D,,A,,A,,A,,A,,A,,A,,A,,A,,A,1,D,,A
20202,04239854,27,0,1,620,D,1,D,03,D,99,D,,A,,A,,A,,A,,A,,A,,A,,A,,A,,A,,A
20202,04239854,28,0,1,620,D,1,D,04,D,41,D,,A,,A,,A,,A,,A,,A,,A,,A,,A,,A,,A
20202,04240314,17,0,1,530,D,1,D,05,D,20,D,,A,,A,,A,,A,,A,,A,,A,,A,,A,,A,,A
20202,04243184,25,0,1,410,D,1,D,05,D,30,D,,A,,A,,A,,A,,A,,A,,A,,A,,A,,A,2,D
20202,04243184,26,0,1,620,D,1,D,04,D,15,D,,A,,A,,A,,A,,A,,A,,A,,A,,A,,A,,A
20202,04243634,38,0,1,330,D,2,D,03,D,3156,T,,A,,A,,A,,A,,A,,A,,A,,A,,A,,A,,A
20202,04243634,39,0,1,330,D,2,D,04,D,3156,T,,A,,A,,A,,A,,A,,A,,A,,A,,A,,A,,A
20202,04243634,40,0,1,330,D,2,D,05,D,3156,T,,A,,A,,A,,A,,A,,A,,A,,A,,A,,A,,A
20202,04244404,32,0,1,330,D,1,D,05,D,3156,T,,A,,A,,A,,A,,A,,A,,A,,A,,A,,A,,A
20202,04246304,40,0,2,620,D,1,D,03,D,67,D,,A,,A,,A,,A,,A,,A,,A,,A,,A,,A,,A
20202,04272323,16,0,1,420,D,1,D,01,D,12,D,,A,,A,,A,,A,,A,,A,,A,,A,,A,,A,,A
20202,04273033,14,0,1,620,D,1,D,01,D,447,D,,A,,A,,A,,A,,A,,A,,A,,A,,A,,A,,A
20202,04275193,16,0,1,120,D,1,D,02,D,200,D,,A,,A,,A,,A,,A,,A,,A,,A,,A,,A,,A
20202,04275193,17,0,1,530,D,1,D,02,D,38,D,,A,,A,,A,,A,,A,,A,,A,,A,,A,,A,,A
20202,04275693,19,0,1,420,D,1,D,01,D,2075,T,,A,,A,,A,,A,,A,,A,,A,,A,,A,,A,,A
20202,04277223,22,0,1,200,D,1,D,01,D,3732,T,,A,,A,,A,,A,,A,,A,,A,,A,,A,,A,,A
20202,04277223,23,0,1,200,D,1,D,02,D,155,D,,A,,A,,A,,A,,A,,A,,A,,A,,A,,A,,A
20202,04277223,24,0,1,200,D,1,D,03,D,312,D,,A,,A,,A,,A,,A,,A,,A,,A,,A,,A,,A
20202,04279563,31,0,1,200,D,1,D,04,D,300,D,,A,,A,,A,,A,,A,,A,,A,,A,,A,,A,,A
20202,04279623,3,0,1,420,D,1,D,03,D,1200,D,,A,,A,,A,,A,,A,,A,,A,,A,,A,,A,,A
20202,04280413,12,0,1,110,D,1,D,04,D,180,D,,A,,A,,A,,A,,A,,A,,A,,A,,A,,A,,A
20202,04282533,14,0,1,420,D,1,D,03,D,50,D,,A,,A,,A,,A,,A,,A,,A,,A,,A,,A,,A
20202,04282713,32,0,1,420,D,1,D,04,D,230,D,,A,,A,,A,,A,,A,,A,,A,,A,,A,,A,,A
20202,04283063,21,0,2,620,D,1,D,02,D,64,D,,A,,A,,A,,A,,A,,A,,A,,A,,A,,A,,A
20202,04283063,22,0,2,620,D,1,D,02,D,50,D,,A,,A,,A,,A,,A,,A,,A,,A,,A,,A,,A
20202,04283213,11,0,1,420,D,1,D,02,D,186,D,,A,,A,,A,,A,,A,,A,,A,,A,,A,,A,,A
20202,04283303,12,0,1,120,D,1,D,02,D,160,D,,A,,A,,A,,A,,A,,A,,A,,A,,A,,A,,A
20202,04283303,13,0,1,120,D,1,D,03,D,80,D,,A,,A,,A,,A,,A,,A,,A,,A,,A,,A,,A
20202,04286003,18,0,1,120,D,1,D,03,D,75,D,,A,,A,,A,,A,,A,,A,,A,,A,,A,,A,,A
20202,04286213,13,0,1,410,D,1,D,04,D,80,D,,A,,A,,A,,A,,A,,A,,A,,A,,A,,A,2,D
20202,04293013,14,0,2,120,D,1,D,03,D,100,D,,A,,A,,A,,A,,A,,A,,A,,A,,A,,A,,A
20202,04293113,49,0,1,330,D,1,D,03,D,205,D,,A,,A,,A,,A,,A,,A,,A,,A,,A,,A,,A
20202,04293923,26,0,2,110,D,1,D,03,D,50,D,,A,,A,,A,,A,,A,,A,,A,,A,,A,,A,,A
20202,04294433,13,0,2,900,D,1,D,03,D,,H,620,D,410,D,,A,,A,,A,,A,,A,,A,,A,,A,1,D
20202,04294433,13,1,2,620,D,1,D,03,D,142,E,,A,,A,,A,,A,,A,,A,,A,,A,,A,,A,1,D
20202,04294433,13,2,2,410,D,1,D,03,D,278,E,,A,,A,,A,,A,,A,,A,,A,,A,,A,,A,1,D
20202,04311642,41,0,1,120,D,1,D,02,D,314,D,,A,,A,,A,,A,,A,,A,,A,,A,,A,,A,,A
20202,04312972,10,0,1,420,D,1,D,02,D,300,D,,A,,A,,A,,A,,A,,A,,A,,A,,A,,A,,A
20202,04314232,15,0,1,410,D,1,D,03,D,827,T,,A,,A,,A,,A,,A,,A,,A,,A,,A,,A,1,D
20202,04316772,15,0,1,655,D,1,D,01,D,60,D,,A,,A,,A,,A,,A,,A,,A,,A,,A,1,D,,A
20202,04316772,16,0,1,655,D,1,D,02,D,60,D,,A,,A,,A,,A,,A,,A,,A,,A,,A,1,D,,A
20202,04316772,17,0,1,655,D,1,D,03,D,60,D,,A,,A,,A,,A,,A,,A,,A,,A,,A,1,D,,A
20202,04317432,12,0,1,110,D,1,D,02,D,100,D,,A,,A,,A,,A,,A,,A,,A,,A,,A,,A,,A
20202,04317622,20,0,1,620,D,1,D,01,D,115,F,,A,,A,,A,,A,,A,,A,,A,,A,,A,,A,,A
20202,04317622,21,0,1,620,D,1,D,01,D,90,D,,A,,A,,A,,A,,A,,A,,A,,A,,A,,A,,A
20202,04317622,22,0,1,620,D,1,D,03,D,90,D,,A,,A,,A,,A,,A,,A,,A,,A,,A,,A,,A
20202,04322172,8,0,1,620,D,1,D,02,D,20,D,,A,,A,,A,,A,,A,,A,,A,,A,,A,,A,,A
20202,04322172,9,0,1,620,D,1,D,03,D,20,D,,A,,A,,A,,A,,A,,A,,A,,A,,A,,A,,A
20202,04322172,10,0,1,620,D,1,D,04,D,20,D,,A,,A,,A,,A,,A,,A,,A,,A,,A,,A,,A
20202,04322172,11,0,2,620,D,1,D,02,D,20,D,,A,,A,,A,,A,,A,,A,,A,,A,,A,,A,,A
20202,04323422,24,0,1,620,D,1,D,02,D,250,D,,A,,A,,A,,A,,A,,A,,A,,A,,A,,A,,A
20202,04324792,15,0,1,200,D,1,D,02,D,135,D,,A,,A,,A,,A,,A,,A,,A,,A,,A,,A,,A
20202,04325012,26,0,2,200,D,1,D,02,D,116,D,,A,,A,,A,,A,,A,,A,,A,,A,,A,,A,,A
20202,04327042,14,0,2,110,D,1,D,02,D,578,T,,A,,A,,A,,A,,A,,A,,A,,A,,A,,A,,A
20202,04327342,21,0,1,120,D,1,D,03,D,280,D,,A,,A,,A,,A,,A,,A,,A,,A,,A,,A,,A
20202,04328132,17,0,1,620,D,1,D,02,D,150,D,,A,,A,,A,,A,,A,,A,,A,,A,,A,,A,,A
20202,04328132,18,0,1,620,D,1,D,03,D,150,D,,A,,A,,A,,A,,A,,A,,A,,A,,A,,A,,A
20202,04328132,19,0,1,620,D,1,D,04,D,150,D,,A,,A,,A,,A,,A,,A,,A,,A,,A,,A,,A
20202,04329962,35,0,1,120,D,1,D,03,D,400,D,,A,,A,,A,,A,,A,,A,,A,,A,,A,,A,,A
20202,04329962,36,0,2,120,D,1,D,02,D,200,D,,A,,A,,A,,A,,A,,A,,A,,A,,A,,A,,A
20202,04330192,18,0,1,620,D,1,D,02,D,183,D,,A,,A,,A,,A,,A,,A,,A,,A,,A,,A,,A
20202,04343912,23,0,1,510,D,1,D,05,D,200,D,,A,,A,,A,,A,,A,,A,,A,,A,,A,,A,,A
20202,04344562,15,0,1,420,D,1,D,03,D,539,F,,A,,A,,A,,A,,A,,A,,A,,A,,A,,A,,A
20202,04344692,16,0,1,200,D,1,D,03,D,80,D,,A,,A,,A,,A,,A,,A,,A,,A,,A,,A,,A
20202,04346982,6,0,1,120,D,1,D,04,D,187,D,,A,,A,,A,,A,,A,,A,,A,,A,,A,,A,,A
20202,04346982,7,0,1,110,D,1,D,04,D,200,D,,A,,A,,A,,A,,A,,A,,A,,A,,A,,A,,A
20202,04347762,18,0,1,200,D,1,D,04,D,112,D,,A,,A,,A,,A,,A,,A,,A,,A,,A,,A,,A
20202,04380401,12,0,1,110,D,1,D,02,D,578,T,,A,,A,,A,,A,,A,,A,,A,,A,,A,,A,,A
20202,04381331,14,0,1,420,D,1,D,03,D,180,D,,A,,A,,A,,A,,A,,A,,A,,A,,A,,A,,A
20202,04381421,6,0,1,655,D,1,D,02,D,100,T,,A,,A,,A,,A,,A,,A,,A,,A,,A,1,D,,A
20202,04382111,11,0,1,510,D,1,D,01,D,20,D,,A,,A,,A,,A,,A,,A,,A,,A,,A,,A,,A
20202,04382191,18,0,1,410,D,1,D,02,D,8,D,,A,,A,,A,,A,,A,,A,,A,,A,,A,,A,1,D
20202,04384241,9,0,1,200,D,1,D,01,D,35,D,,A,,A,,A,,A,,A,,A,,A,,A,,A,,A,,A
20202,04385331,11,0,1,620,D,1,D,03,D,606,D,,A,,A,,A,,A,,A,,A,,A,,A,,A,,A,,A
20202,04386191,18,0,1,120,D,1,D,01,D,565,D,,A,,A,,A,,A,,A,,A,,A,,A,,A,,A,,A
20202,04387701,12,0,1,420,D,1,D,02,D,90,D,,A,,A,,A,,A,,A,,A,,A,,A,,A,,A,,A
20202,04392141,8,0,1,620,D,1,D,04,D,400,D,,A,,A,,A,,A,,A,,A,,A,,A,,A,,A,,A
20202,04393061,24,0,1,120,D,1,D,02,D,250,D,,A,,A,,A,,A,,A,,A,,A,,A,,A,,A,,A
20202,04395211,23,0,1,110,D,1,D,04,D,56,D,,A,,A,,A,,A,,A,,A,,A,,A,,A,,A,,A
20202,04398441,10,0,1,510,D,1,D,03,D,100,D,,A,,A,,A,,A,,A,,A,,A,,A,,A,,A,,A
20202,04403051,20,0,1,410,D,1,D,04,D,420,D,,A,,A,,A,,A,,A,,A,,A,,A,,A,,A,2,D
20202,04404621,12,0,1,200,D,1,D,02,D,55,D,,A,,A,,A,,A,,A,,A,,A,,A,,A,,A,,A
20202,04407431,11,0,1,200,D,1,D,05,D,1300,D,,A,,A,,A,,A,,A,,A,,A,,A,,A,,A,,A
20202,04408371,27,0,1,620,D,1,D,03,D,75,D,,A,,A,,A,,A,,A,,A,,A,,A,,A,,A,,A
20202,04408371,28,0,1,620,D,1,D,04,D,75,D,,A,,A,,A,,A,,A,,A,,A,,A,,A,,A,,A
20202,04408371,29,0,1,620,D,1,D,05,D,75,D,,A,,A,,A,,A,,A,,A,,A,,A,,A,,A,,A
20202,04411451,30,0,1,110,D,1,D,03,D,40,D,,A,,A,,A,,A,,A,,A,,A,,A,,A,,A,,A
20202,04415114,13,0,1,420,D,1,D,03,D,30,D,,A,,A,,A,,A,,A,,A,,A,,A,,A,,A,,A
20202,04415114,14,0,1,420,D,1,D,05,D,15,D,,A,,A,,A,,A,,A,,A,,A,,A,,A,,A,,A
20202,04417453,27,0,1,420,D,1,D,05,D,2075,T,,A,,A,,A,,A,,A,,A,,A,,A,,A,,A,,A
20202,04419291,11,0,1,620,D,1,D,03,D,4,D,,A,,A,,A,,A,,A,,A,,A,,A,,A,,A,,A
20202,04419291,12,0,1,620,D,1,D,04,D,4,D,,A,,A,,A,,A,,A,,A,,A,,A,,A,,A,,A
20202,04419291,13,0,1,620,D,1,D,05,D,4,D,,A,,A,,A,,A,,A,,A,,A,,A,,A,,A,,A
20203,04267354,27,0,1,420,D,1,D,04,D,21,D,,A,,A,,A,,A,,A,,A,,A,,A,,A,,A,,A
20203,04267354,28,0,1,410,D,1,D,06,D,60,D,,A,,A,,A,,A,,A,,A,,A,,A,,A,,A,2,D
20203,04267354,29,0,1,620,D,1,D,04,D,15,D,,A,,A,,A,,A,,A,,A,,A,,A,,A,,A,,A
20203,04267354,30,0,1,620,D,1,D,05,D,15,D,,A,,A,,A,,A,,A,,A,,A,,A,,A,,A,,A
20203,04267354,31,0,1,620,D,1,D,06,D,15,D,,A,,A,,A,,A,,A,,A,,A,,A,,A,,A,,A
20203,04271994,12,0,1,620,D,1,D,04,D,143,F,,A,,A,,A,,A,,A,,A,,A,,A,,A,,A,,A
20203,04275234,8,0,1,620,D,1,D,04,D,35,D,,A,,A,,A,,A,,A,,A,,A,,A,,A,,A,,A
20203,04275234,9,0,1,620,D,1,D,05,D,35,D,,A,,A,,A,,A,,A,,A,,A,,A,,A,,A,,A
20203,04275234,10,0,1,620,D,1,D,06,D,35,D,,A,,A,,A,,A,,A,,A,,A,,A,,A,,A,,A
20203,04277224,25,0,1,200,D,1,D,04,D,156,D,,A,,A,,A,,A,,A,,A,,A,,A,,A,,A,,A
20203,04277224,26,0,1,200,D,1,D,05,D,156,D,,A,,A,,A,,A,,A,,A,,A,,A,,A,,A,,A
20203,04277224,27,0,1,200,D,1,D,06,D,156,D,,A,,A,,A,,A,,A,,A,,A,,A,,A,,A,,A
20203,04277224,28,0,1,530,D,1,D,04,D,575,T,,A,,A,,A,,A,,A,,A,,A,,A,,A,,A,,A
20203,04280094,16,0,1,420,D,1,D,07,D,55,D,,A,,A,,A,,A,,A,,A,,A,,A,,A,,A,,A
20203,04281594,13,0,1,200,D,1,D,05,D,20,D,,A,,A,,A,,A,,A,,A,,A,,A,,A,,A,,A
20203,04282994,32,0,1,635,D,1,D,05,D,,T,,A,,A,,A,,A,,A,,A,,A,,A,,A,1,D,,A
20203,04282994,33,0,1,635,D,1,D,06,D,,T,,A,,A,,A,,A,,A,,A,,A,,A,,A,1,D,,A
20203,04282994,34,0,1,635,D,1,D,07,D,,T,,A,,A,,A,,A,,A,,A,,A,,A,,A,1,D,,A
20203,04284054,23,0,1,110,D,1,D,07,D,72,D,,A,,A,,A,,A,,A,,A,,A,,A,,A,,A,,A
20203,04293014,28,0,1,120,D,1,D,06,D,160,D,,A,,A,,A,,A,,A,,A,,A,,A,,A,,A,,A
20203,04293794,22,0,1,200,D,1,D,08,D,150,D,,A,,A,,A,,A,,A,,A,,A,,A,,A,,A,,A
20203,04294374,3,0,1,200,D,1,D,08,D,20,D,,A,,A,,A,,A,,A,,A,,A,,A,,A,,A,,A
20203,04294454,16,0,1,420,D,1,D,07,D,20,D,,A,,A,,A,,A,,A,,A,,A,,A,,A,,A,,A
20203,04297934,17,0,1,410,D,1,D,06,D,100,D,,A,,A,,A,,A,,A,,A,,A,,A,,A,,A,1,D
20203,04297934,18,0,1,410,D,1,D,07,D,100,D,,A,,A,,A,,A,,A,,A,,A,,A,,A,,A,1,D
20203,04297934,19,0,1,410,D,1,D,08,D,100,D,,A,,A,,A,,A,,A,,A,,A,,A,,A,,A,1,D
20203,04297934,20,0,1,420,D,1,D,07,D,50,D,,A,,A,,A,,A,,A,,A,,A,,A,,A,,A,,A
20203,04297934,21,0,1,620,D,1,D,06,D,20,D,,A,,A,,A,,A,,A,,A,,A,,A,,A,,A,,A
20203,04297934,22,0,1,620,D,1,D,07,D,20,D,,A,,A,,A,,A,,A,,A,,A,,A,,A,,A,,A
20203,04297934,23,0,1,620,D,1,D,08,D,20,D,,A,,A,,A,,A,,A,,A,,A,,A,,A,,A,,A
20203,04297954,19,0,1,620,D,1,D,06,D,40,D,,A,,A,,A,,A,,A,,A,,A,,A,,A,,A,,A
20203,04298324,32,0,1,330,D,1,D,06,D,1500,D,,A,,A,,A,,A,,A,,A,,A,,A,,A,,A,,A
20203,04311393,27,0,1,510,D,1,D,06,D,10,D,,A,,A,,A,,A,,A,,A,,A,,A,,A,,A,,A
20203,04312253,14,0,1,420,D,1,D,05,D,2075,T,,A,,A,,A,,A,,A,,A,,A,,A,,A,,A,,A
20203,04313943,23,0,1,410,D,1,D,06,D,827,T,,A,,A,,A,,A,,A,,A,,A,,A,,A,,A,1,D
20203,04315253,32,0,1,110,D,1,D,06,D,40,D,,A,,A,,A,,A,,A,,A,,A,,A,,A,,A,,A
20203,04315253,33,0,1,120,D,1,D,06,D,445,D,,A,,A,,A,,A,,A,,A,,A,,A,,A,,A,,A
20203,04315253,34,0,1,200,D,1,D,05,D,20,D,,A,,A,,A,,A,,A,,A,,A,,A,,A,,A,,A
20203,04315253,35,0,1,410,D,1,D,04,D,300,D,,A,,A,,A,,A,,A,,A,,A,,A,,A,,A,1,D
20203,04315253,36,0,1,410,D,1,D,05,D,300,D,,A,,A,,A,,A,,A,,A,,A,,A,,A,,A,1,D
20203,04315253,37,0,1,410,D,1,D,06,D,300,D,,A,,A,,A,,A,,A,,A,,A,,A,,A,,A,1,D
20203,04315253,38,0,1,620,D,1,D,04,D,30,D,,A,,A,,A,,A,,A,,A,,A,,A,,A,,A,,A
20203,04315253,39,0,1,620,D,1,D,05,D,30,D,,A,,A,,A,,A,,A,,A,,A,,A,,A,,A,,A
20203,04315253,40,0,1,620,D,1,D,06,D,30,D,,A,,A,,A,,A,,A,,A,,A,,A,,A,,A,,A
20203,04315253,41,0,1,620,D,1,D,04,D,70,D,,A,,A,,A,,A,,A,,A,,A,,A,,A,,A,,A
20203,04315303,18,0,1,200,D,2,D,04,D,3732,T,,A,,A,,A,,A,,A,,A,,A,,A,,A,,A,,A
20203,04316063,21,0,1,620,D,1,D,04,D,800,D,,A,,A,,A,,A,,A,,A,,A,,A,,A,,A,,A
20203,04316773,21,0,2,655,D,1,D,04,D,60,D,,A,,A,,A,,A,,A,,A,,A,,A,,A,1,D,,A
20203,04318513,10,0,1,620,D,1,D,04,D,35,D,,A,,A,,A,,A,,A,,A,,A,,A,,A,,A,,A
20203,04318513,11,0,1,620,D,1,D,04,D,10,D,,A,,A,,A,,A,,A,,A,,A,,A,,A,,A,,A
20203,04318513,12,0,1,620,D,1,D,06,D,10,D,,A,,A,,A,,A,,A,,A,,A,,A,,A,,A,,A
20203,04320633,16,0,2,330,D,1,D,04,D,20,D,,A,,A,,A,,A,,A,,A,,A,,A,,A,,A,,A
20203,04321693,11,0,2,620,D,1,D,05,D,5,D,,A,,A,,A,,A,,A,,A,,A,,A,,A,,A,,A
20203,04322173,12,0,2,620,D,1,D,05,D,20,D,,A,,A,,A,,A,,A,,A,,A,,A,,A,,A,,A
20203,04323423,26,0,1,200,D,1,D,07,D,150,D,,A,,A,,A,,A,,A,,A,,A,,A,,A,,A,,A
20203,04323793,11,0,1,655,D,1,D,06,D,13,D,,A,,A,,A,,A,,A,,A,,A,,A,,A,1,D,,A
20203,04325533,18,0,1,655,D,1,D,07,D,65,D,,A,,A,,A,,A,,A,,A,,A,,A,,A,1,D,,A
20203,04325953,15,0,1,200,D,1,D,06,D,632,F,,A,,A,,A,,A,,A,,A,,A,,A,,A,,A,,A
20203,04326263,17,0,1,110,D,1,D,07,D,129,D,,A,,A,,A,,A,,A,,A,,A,,A,,A,,A,,A
20203,04329073,18,0,2,110,D,1,D,05,D,500,D,,A,,A,,A,,A,,A,,A,,A,,A,,A,,A,,A
20203,04330023,46,0,2,120,D,1,D,05,D,35,D,,A,,A,,A,,A,,A,,A,,A,,A,,A,,A,,A
20203,04330193,16,0,1,620,D,1,D,07,D,775,D,,A,,A,,A,,A,,A,,A,,A,,A,,A,,A,,A
20203,04341673,9,0,1,200,D,1,D,07,D,800,D,,A,,A,,A,,A,,A,,A,,A,,A,,A,,A,,A
20203,04342493,10,0,1,620,D,1,D,08,D,60,D,,A,,A,,A,,A,,A,,A,,A,,A,,A,,A,,A
20203,04342493,11,0,1,635,D,1,D,08,D,,T,,A,,A,,A,,A,,A,,A,,A,,A,,A,1,D,,A
20203,04343693,27,0,1,200,D,1,D,06,D,345,D,,A,,A,,A,,A,,A,,A,,A,,A,,A,,A,,A
20203,04344843,20,0,1,655,D,1,D,08,D,100,T,,A,,A,,A,,A,,A,,A,,A,,A,,A,1,D,,A
20203,04347463,28,0,1,410,D,1,D,07,D,480,D,,A,,A,,A,,A,,A,,A,,A,,A,,A,,A,2,D
20203,04348263,11,0,1,200,D,1,D,08,D,3732,T,,A,,A,,A,,A,,A,,A,,A,,A,,A,,A,,A
20203,04349463,21,0,1,420,D,1,D,06,D,184,D,,A,,A,,A,,A,,A,,A,,A,,A,,A,,A,,A
20203,04351163,24,0,1,420,D,1,D,08,D,199,F,,A,,A,,A,,A,,A,,A,,A,,A,,A,,A,,A
20203,04351163,25,0,1,620,D,1,D,08,D,143,F,,A,,A,,A,,A,,A,,A,,A,,A,,A,,A,,A
20203,04380262,22,0,1,510,D,1,D,05,D,517,T,,A,,A,,A,,A,,A,,A,,A,,A,,A,,A,,A
20203,04384432,26,0,2,420,D,1,D,04,D,400,D,,A,,A,,A,,A,,A,,A,,A,,A,,A,,A,,A
20203,04387392,8,0,2,330,D,1,D,04,D,526,F,,A,,A,,A,,A,,A,,A,,A,,A,,A,,A,,A
20203,04391642,9,0,1,620,D,1,D,06,D,124,D,,A,,A,,A,,A,,A,,A,,A,,A,,A,,A,,A
20203,04391792,11,0,1,620,D,1,D,05,D,15,D,,A,,A,,A,,A,,A,,A,,A,,A,,A,,A,,A
20203,04394852,13,0,1,900,D,1,D,07,D,,H,330,D,510,D,620,D,420,D,,A,,A,,A,,A,,A,,A,,A
20203,04394852,13,1,1,330,D,1,D,07,D,3156,U,,A,,A,,A,,A,,A,,A,,A,,A,,A,,A,,A
20203,04394852,13,2,1,510,D,1,D,07,D,517,U,,A,,A,,A,,A,,A,,A,,A,,A,,A,,A,,A
20203,04394852,13,3,1,620,D,1,D,07,D,485,E,,A,,A,,A,,A,,A,,A,,A,,A,,A,,A,,A
20203,04394852,13,4,1,420,D,1,D,07,D,644,E,,A,,A,,A,,A,,A,,A,,A,,A,,A,,A,,A
20203,04395802,19,0,1,510,D,1,D,07,D,150,D,,A,,A,,A,,A,,A,,A,,A,,A,,A,,A,,A
20203,04397182,12,0,1,200,D,1,D,06,D,3732,T,,A,,A,,A,,A,,A,,A,,A,,A,,A,,A,,A
20203,04397752,23,0,1,620,D,1,D,05,D,143,F,,A,,A,,A,,A,,A,,A,,A,,A,,A,,A,,A
20203,04399222,20,0,1,620,D,1,D,06,D,600,D,,A,,A,,A,,A,,A,,A,,A,,A,,A,,A,,A
20203,04401362,19,0,1,200,D,1,D,07,D,632,F,,A,,A,,A,,A,,A,,A,,A,,A,,A,,A,,A
20203,04401552,16,0,1,620,D,1,D,05,D,300,D,,A,,A,,A,,A,,A,,A,,A,,A,,A,,A,,A
20203,04401552,17,0,1,620,D,1,D,06,D,280,D,,A,,A,,A,,A,,A,,A,,A,,A,,A,,A,,A
20203,04401552,18,0,1,620,D,1,D,07,D,291,D,,A,,A,,A,,A,,A,,A,,A,,A,,A,,A,,A
20203,04401802,13,0,1,200,D,1,D,07,D,60,D,,A,,A,,A,,A,,A,,A,,A,,A,,A,,A,,A
20203,04401852,12,0,1,620,D,1,D,06,D,225,D,,A,,A,,A,,A,,A,,A,,A,,A,,A,,A,,A
20203,04403162,18,0,1,510,D,1,D,06,D,517,T,,A,,A,,A,,A,,A,,A,,A,,A,,A,,A,,A
20203,04403212,24,0,1,330,D,1,D,07,D,150,D,,A,,A,,A,,A,,A,,A,,A,,A,,A,,A,,A
20203,04403732,36,0,1,420,D,1,D,07,D,50,D,,A,,A,,A,,A,,A,,A,,A,,A,,A,,A,,A
20203,04404222,21,0,1,420,D,1,D,07,D,35,D,,A,,A,,A,,A,,A,,A,,A,,A,,A,,A,,A
20203,04407662,27,0,1,200,D,1,D,07,D,21,D,,A,,A,,A,,A,,A,,A,,A,,A,,A,,A,,A
20203,04408372,33,0,1,110,D,1,D,06,D,578,T,,A,,A,,A,,A,,A,,A,,A,,A,,A,,A,,A
20203,04408372,34,0,1,620,D,1,D,06,D,75,D,,A,,A,,A,,A,,A,,A,,A,,A,,A,,A,,A
20203,04408372,35,0,1,620,D,1,D,07,D,75,D,,A,,A,,A,,A,,A,,A,,A,,A,,A,,A,,A
20203,04408372,36,0,1,620,D,1,D,08,D,75,D,,A,,A,,A,,A,,A,,A,,A,,A,,A,,A,,A
20203,04408372,37,0,2,130,D,1,D,06,D,,H,110,D,120,D,,A,,A,,A,,A,,A,,A,,A,,A,,A
20203,04408372,37,1,2,110,D,1,D,06,D,490,E,,A,,A,,A,,A,,A,,A,,A,,A,,A,,A,,A
20203,04408372,37,2,2,120,D,1,D,06,D,133,E,,A,,A,,A,,A,,A,,A,,A,,A,,A,,A,,A
20203,04408372,38,0,2,620,D,1,D,06,D,75,D,,A,,A,,A,,A,,A,,A,,A,,A,,A,,A,,A
20203,04408832,14,0,1,420,D,1,D,08,D,75,D,,A,,A,,A,,A,,A,,A,,A,,A,,A,,A,,A
20203,04412302,15,0,1,200,D,1,D,07,D,88,D,,A,,A,,A,,A,,A,,A,,A,,A,,A,,A,,A
20203,04412302,16,0,1,110,D,1,D,08,D,100,D,,A,,A,,A,,A,,A,,A,,A,,A,,A,,A,,A
20203,04414204,6,0,1,420,D,1,D,08,D,1300,D,,A,,A,,A,,A,,A,,A,,A,,A,,A,,A,,A
20203,04414204,7,0,1,420,D,1,D,08,D,309,D,,A,,A,,A,,A,,A,,A,,A,,A,,A,,A,,A
20203,04414204,8,0,1,410,D,1,D,08,D,827,T,,A,,A,,A,,A,,A,,A,,A,,A,,A,,A,1,D
20203,04419972,9,0,1,110,D,1,D,08,D,50,D,,A,,A,,A,,A,,A,,A,,A,,A,,A,,A,,A
20203,04420112,17,0,1,110,D,1,D,08,D,45,D,,A,,A,,A,,A,,A,,A,,A,,A,,A,,A,,A
20203,04422791,13,0,1,420,D,1,D,04,D,100,D,,A,,A,,A,,A,,A,,A,,A,,A,,A,,A,,A
20203,04423351,10,0,1,200,D,1,D,05,D,360,D,,A,,A,,A,,A,,A,,A,,A,,A,,A,,A,,A
20203,04424561,20,0,1,530,D,1,D,06,D,575,T,,A,,A,,A,,A,,A,,A,,A,,A,,A,,A,,A
20203,04427931,13,0,1,410,D,1,D,04,D,200,D,,A,,A,,A,,A,,A,,A,,A,,A,,A,,A,2,D
20203,04427931,14,0,1,410,D,1,D,05,D,200,D,,A,,A,,A,,A,,A,,A,,A,,A,,A,,A,2,D
20203,04427931,15,0,1,410,D,1,D,06,D,200,D,,A,,A,,A,,A,,A,,A,,A,,A,,A,,A,2,D
20203,04428641,10,0,1,620,D,1,D,05,D,200,D,,A,,A,,A,,A,,A,,A,,A,,A,,A,,A,,A
20203,04429341,17,0,1,620,D,1,D,05,D,80,D,,A,,A,,A,,A,,A,,A,,A,,A,,A,,A,,A
20203,04461511,23,0,1,420,D,1,D,06,D,20,D,,A,,A,,A,,A,,A,,A,,A,,A,,A,,A,,A
20203,04464161,31,0,1,330,D,1,D,06,D,1200,D,,A,,A,,A,,A,,A,,A,,A,,A,,A,,A,,A
20203,04466991,5,0,1,330,D,1,D,07,D,400,D,,A,,A,,A,,A,,A,,A,,A,,A,,A,,A,,A
20203,04467761,22,0,1,620,D,1,D,06,D,335,D,,A,,A,,A,,A,,A,,A,,A,,A,,A,,A,,A
20203,04468271,25,0,1,200,D,1,D,06,D,165,D,,A,,A,,A,,A,,A,,A,,A,,A,,A,,A,,A
20203,04469251,18,0,1,110,D,1,D,07,D,20,D,,A,,A,,A,,A,,A,,A,,A,,A,,A,,A,,A
20203,04469981,24,0,1,200,D,1,D,05,D,200,D,,A,,A,,A,,A,,A,,A,,A,,A,,A,,A,,A
20203,04469981,25,0,1,200,D,1,D,06,D,200,D,,A,,A,,A,,A,,A,,A,,A,,A,,A,,A,,A
20203,04469981,26,0,1,200,D,1,D,07,D,200,D,,A,,A,,A,,A,,A,,A,,A,,A,,A,,A,,A
20203,04470531,15,0,1,200,D,1,D,06,D,700,D,,A,,A,,A,,A,,A,,A,,A,,A,,A,,A,,A
20203,04505541,6,0,1,620,D,1,D,08,D,143,F,,A,,A,,A,,A,,A,,A,,A,,A,,A,,A,,A
20203,04505621,6,0,1,420,D,1,D,08,D,60,D,,A,,A,,A,,A,,A,,A,,A,,A,,A,,A,,A
20203,04505661,13,0,1,420,D,1,D,08,D,188,D,,A,,A,,A,,A,,A,,A,,A,,A,,A,,A,,A
20203,04510781,14,0,1,620,D,1,D,08,D,350,D,,A,,A,,A,,A,,A,,A,,A,,A,,A,,A,,A
20203,04511251,13,0,1,420,D,1,D,08,D,199,F,,A,,A,,A,,A,,A,,A,,A,,A,,A,,A,,A
20203,04512231,10,0,1,110,D,1,D,08,D,200,D,,A,,A,,A,,A,,A,,A,,A,,A,,A,,A,,A
20203,04513861,11,0,1,620,D,1,D,07,D,18,D,,A,,A,,A,,A,,A,,A,,A,,A,,A,,A,,A
20204,04310184,15,0,1,900,D,1,D,07,D,,H,410,D,620,D,,A,,A,,A,,A,,A,,A,,A,,A,,A
20204,04310184,15,1,1,410,D,1,D,07,D,79,E,,A,,A,,A,,A,,A,,A,,A,,A,,A,,A,,A
20204,04310184,15,2,1,620,D,1,D,07,D,21,E,,A,,A,,A,,A,,A,,A,,A,,A,,A,,A,,A
20204,04310184,16,0,1,900,D,1,D,08,D,,H,410,D,620,D,,A,,A,,A,,A,,A,,A,,A,,A,,A
20204,04310184,16,1,1,410,D,1,D,08,D,79,E,,A,,A,,A,,A,,A,,A,,A,,A,,A,,A,,A
20204,04310184,16,2,1,620,D,1,D,08,D,21,E,,A,,A,,A,,A,,A,,A,,A,,A,,A,,A,,A
20204,04310184,17,0,1,900,D,1,D,09,D,,H,410,D,620,D,,A,,A,,A,,A,,A,,A,,A,,A,,A
20204,04310184,17,1,1,410,D,1,D,09,D,78,E,,A,,A,,A,,A,,A,,A,,A,,A,,A,,A,,A
20204,04310184,17,2,1,620,D,1,D,09,D,22,E,,A,,A,,A,,A,,A,,A,,A,,A,,A,,A,,A
20204,04312664,17,0,1,620,D,1,D,08,D,20,D,,A,,A,,A,,A,,A,,A,,A,,A,,A,,A,,A
20204,04316494,42,0,1,420,D,1,D,08,D,400,D,,A,,A,,A,,A,,A,,A,,A,,A,,A,,A,,A
20204,04318114,32,0,1,200,D,1,D,08,D,117,D,,A,,A,,A,,A,,A,,A,,A,,A,,A,,A,,A
20204,04322094,36,0,1,420,D,1,D,08,D,40,D,,A,,A,,A,,A,,A,,A,,A,,A,,A,,A,,A
20204,04322314,19,0,1,420,D,1,D,08,D,120,D,,A,,A,,A,,A,,A,,A,,A,,A,,A,,A,,A
20204,04322314,20,0,1,420,D,1,D,09,D,120,D,,A,,A,,A,,A,,A,,A,,A,,A,,A,,A,,A
20204,04322314,21,0,1,420,D,1,D,10,D,120,D,,A,,A,,A,,A,,A,,A,,A,,A,,A,,A,,A
20204,04323264,12,0,1,120,D,1,D,10,D,348,D,,A,,A,,A,,A,,A,,A,,A,,A,,A,,A,,A
20204,04323704,23,0,1,200,D,1,D,10,D,161,D,,A,,A,,A,,A,,A,,A,,A,,A,,A,,A,,A
20204,04323794,10,0,1,655,D,1,D,08,D,20,D,,A,,A,,A,,A,,A,,A,,A,,A,,A,1,D,,A
20204,04324594,4,0,1,420,D,1,D,08,D,10,D,,A,,A,,A,,A,,A,,A,,A,,A,,A,,A,,A
20204,04324884,14,0,1,420,D,1,D,10,D,100,D,,A,,A,,A,,A,,A,,A,,A,,A,,A,,A,,A
20204,04325014,22,0,2,200,D,1,D,08,D,200,D,,A,,A,,A,,A,,A,,A,,A,,A,,A,,A,,A
20204,04325534,16,0,2,655,D,1,D,08,D,65,D,,A,,A,,A,,A,,A,,A,,A,,A,,A,1,D,,A
20204,04325624,15,0,1,655,D,1,D,09,D,18,D,,A,,A,,A,,A,,A,,A,,A,,A,,A,1,D,,A
20204,04327174,14,0,1,510,D,1,D,09,D,2322,T,,A,,A,,A,,A,,A,,A,,A,,A,,A,,A,,A
20204,04345004,15,0,1,420,D,1,D,09,D,200,D,,A,,A,,A,,A,,A,,A,,A,,A,,A,,A,,A
20204,04346374,42,0,1,120,D,1,D,11,D,170,D,,A,,A,,A,,A,,A,,A,,A,,A,,A,,A,,A
20204,04346374,43,0,1,200,D,1,D,11,D,459,D,,A,,A,,A,,A,,A,,A,,A,,A,,A,,A,,A
20204,04346374,44,0,1,420,D,1,D,10,D,30,D,,A,,A,,A,,A,,A,,A,,A,,A,,A,,A,,A
20204,04346374,45,0,1,200,D,1,D,11,D,322,D,,A,,A,,A,,A,,A,,A,,A,,A,,A,,A,,A
20204,04348294,45,0,1,200,D,1,D,11,D,800,D,,A,,A,,A,,A,,A,,A,,A,,A,,A,,A,,A
20204,04349884,7,0,1,420,D,1,D,11,D,40,D,,A,,A,,A,,A,,A,,A,,A,,A,,A,,A,,A
20204,04379203,4,0,1,620,D,1,D,09,D,50,D,,A,,A,,A,,A,,A,,A,,A,,A,,A,,A,,A
20204,04380533,14,0,1,200,D,1,D,09,D,22,D,,A,,A,,A,,A,,A,,A,,A,,A,,A,,A,,A
20204,04382443,13,0,1,530,D,1,D,09,D,50,V,,A,,A,,A,,A,,A,,A,,A,,A,,A,,A,,A
20204,04387053,35,0,1,330,D,1,D,09,D,100,D,,A,,A,,A,,A,,A,,A,,A,,A,,A,,A,,A
20204,04388653,7,0,1,410,D,1,D,09,D,300,D,,A,,A,,A,,A,,A,,A,,A,,A,,A,,A,1,D
20204,04389763,30,0,2,620,D,1,D,07,D,150,D,,A,,A,,A,,A,,A,,A,,A,,A,,A,,A,,A
20204,04390383,26,0,1,620,D,1,D,09,D,80,D,,A,,A,,A,,A,,A,,A,,A,,A,,A,,A,,A
20204,04394203,18,0,1,410,D,1,D,09,D,3114,T,,A,,A,,A,,A,,A,,A,,A,,A,,A,,A,1,D
20204,04395323,37,0,1,130,D,1,D,10,D,,H,120,D,110,D,,A,,A,,A,,A,,A,,A,,A,,A,,A
20204,04395323,37,1,1,120,D,1,D,10,D,1379,E,,A,,A,,A,,A,,A,,A,,A,,A,,A,,A,,A
20204,04395323,37,2,1,110,D,1,D,10,D,241,E,,A,,A,,A,,A,,A,,A,,A,,A,,A,,A,,A
20204,04395323,38,0,2,200,D,1,D,08,D,2167,T,,A,,A,,A,,A,,A,,A,,A,,A,,A,,A,,A
20204,04396113,5,0,1,510,D,1,D,09,D,2322,T,,A,,A,,A,,A,,A,,A,,A,,A,,A,,A,,A
20204,04396113,6,0,1,620,D,1,D,10,D,120,D,,A,,A,,A,,A,,A,,A,,A,,A,,A,,A,,A
20204,04397043,21,0,1,620,D,1,D,10,D,27,D,,A,,A,,A,,A,,A,,A,,A,,A,,A,,A,,A
20204,04398523,8,0,1,200,D,1,D,08,D,95,D,,A,,A,,A,,A,,A,,A,,A,,A,,A,,A,,A
20204,04399244,26,0,1,410,D,1,D,10,D,240,D,,A,,A,,A,,A,,A,,A,,A,,A,,A,,A,2,D
20204,04399473,14,0,1,620,D,1,D,10,D,30,D,,A,,A,,A,,A,,A,,A,,A,,A,,A,,A,,A
20204,04399723,15,0,1,410,D,1,D,08,D,110,D,,A,,A,,A,,A,,A,,A,,A,,A,,A,,A,1,D
20204,04399723,16,0,1,410,D,1,D,09,D,110,D,,A,,A,,A,,A,,A,,A,,A,,A,,A,,A,1,D
20204,04399723,17,0,1,410,D,1,D,10,D,110,D,,A,,A,,A,,A,,A,,A,,A,,A,,A,,A,1,D
20204,04400943,21,0,1,120,D,1,D,10,D,200,D,,A,,A,,A,,A,,A,,A,,A,,A,,A,,A,,A
20204,04401803,21,0,1,200,D,1,D,09,D,140,D,,A,,A,,A,,A,,A,,A,,A,,A,,A,,A,,A
20204,04403693,20,0,1,430,D,1,D,10,D,,H,420,D,330,D,,A,,A,,A,,A,,A,,A,,A,,A,,A
20204,04403693,20,1,1,420,D,1,D,10,D,2702,U,,A,,A,,A,,A,,A,,A,,A,,A,,A,,A,,A
20204,04403693,20,2,1,330,D,1,D,10,D,12421,U,,A,,A,,A,,A,,A,,A,,A,,A,,A,,A,,A
20204,04405284,10,0,1,120,D,1,D,10,D,120,D,,A,,A,,A,,A,,A,,A,,A,,A,,A,,A,,A
20204,04408373,25,0,1,620,D,1,D,10,D,75,D,,A,,A,,A,,A,,A,,A,,A,,A,,A,,A,,A
20204,04408373,26,0,1,620,D,1,D,11,D,75,D,,A,,A,,A,,A,,A,,A,,A,,A,,A,,A,,A
20204,04408373,27,0,2,620,D,1,D,09,D,75,D,,A,,A,,A,,A,,A,,A,,A,,A,,A,,A,,A
20204,04413503,18,0,1,420,D,1,D,11,D,60,D,,A,,A,,A,,A,,A,,A,,A,,A,,A,,A,,A
20204,04414443,8,0,1,620,D,1,D,09,D,125,D,,A,,A,,A,,A,,A,,A,,A,,A,,A,,A,,A
20204,04414443,9,0,1,620,D,1,D,10,D,125,D,,A,,A,,A,,A,,A,,A,,A,,A,,A,,A,,A
20204,04414443,10,0,1,620,D,1,D,11,D,125,D,,A,,A,,A,,A,,A,,A,,A,,A,,A,,A,,A
20204,04416163,13,0,2,110,D,1,D,09,D,25,D,,A,,A,,A,,A,,A,,A,,A,,A,,A,,A,,A
20204,04417593,35,0,2,420,D,1,D,09,D,56,D,,A,,A,,A,,A,,A,,A,,A,,A,,A,,A,,A
20204,04424562,12,0,2,620,D,1,D,07,D,220,D,,A,,A,,A,,A,,A,,A,,A,,A,,A,,A,,A
20204,04425132,5,0,1,620,D,1,D,07,D,40,D,,A,,A,,A,,A,,A,,A,,A,,A,,A,,A,,A
20204,04426642,10,0,1,420,D,1,D,08,D,1000,D,,A,,A,,A,,A,,A,,A,,A,,A,,A,,A,,A
20204,04429372,15,0,1,420,D,1,D,09,D,100,D,,A,,A,,A,,A,,A,,A,,A,,A,,A,,A,,A
20204,04430292,15,0,1,900,D,1,D,09,D,,H,900,D,620,D,,A,,A,,A,,A,,A,,A,,A,,A,,A
20204,04430292,15,1,1,620,D,1,D,09,D,29,E,,A,,A,,A,,A,,A,,A,,A,,A,,A,,A,,A
20204,04430292,15,2,1,655,D,1,D,09,D,93,U,,A,,A,,A,,A,,A,,A,,A,,A,,A,1,D,,A
20204,04430972,18,0,1,620,D,1,D,09,D,160,D,,A,,A,,A,,A,,A,,A,,A,,A,,A,,A,,A
20204,04431072,32,0,1,200,D,1,D,08,D,185,D,,A,,A,,A,,A,,A,,A,,A,,A,,A,,A,,A
20204,04431852,12,0,1,110,D,1,D,09,D,35,D,,A,,A,,A,,A,,A,,A,,A,,A,,A,,A,,A
20204,04431852,13,0,1,420,D,1,D,09,D,5,D,,A,,A,,A,,A,,A,,A,,A,,A,,A,,A,,A
20204,04462382,21,0,1,420,D,1,D,09,D,275,D,,A,,A,,A,,A,,A,,A,,A,,A,,A,,A,,A
20204,04462382,22,0,1,620,D,1,D,08,D,160,D,,A,,A,,A,,A,,A,,A,,A,,A,,A,,A,,A
20204,04464332,16,0,1,410,D,1,D,09,D,90,D,,A,,A,,A,,A,,A,,A,,A,,A,,A,,A,1,D
20204,04464902,22,0,1,655,D,1,D,09,D,93,T,,A,,A,,A,,A,,A,,A,,A,,A,,A,1,D,,A
20204,04467762,16,0,1,120,D,1,D,08,D,821,D,,A,,A,,A,,A,,A,,A,,A,,A,,A,,A,,A
20204,04467802,23,0,1,530,D,1,D,09,D,50,T,,A,,A,,A,,A,,A,,A,,A,,A,,A,,A,,A
20204,04468852,27,0,2,620,D,1,D,08,D,10,D,,A,,A,,A,,A,,A,,A,,A,,A,,A,,A,,A
20204,04469982,35,0,1,200,D,1,D,08,D,69,D,,A,,A,,A,,A,,A,,A,,A,,A,,A,,A,,A
20204,04469982,36,0,1,200,D,1,D,09,D,69,D,,A,,A,,A,,A,,A,,A,,A,,A,,A,,A,,A
20204,04469982,37,0,1,200,D,1,D,10,D,69,D,,A,,A,,A,,A,,A,,A,,A,,A,,A,,A,,A
20204,04469982,38,0,1,110,D,1,D,08,D,550,T,,A,,A,,A,,A,,A,,A,,A,,A,,A,,A,,A
20204,04470262,12,0,1,330,D,1,D,10,D,40,D,,A,,A,,A,,A,,A,,A,,A,,A,,A,,A,,A
20204,04504192,21,0,1,120,D,1,D,10,D,100,D,,A,,A,,A,,A,,A,,A,,A,,A,,A,,A,,A
20204,04504192,22,0,2,120,D,1,D,09,D,100,D,,A,,A,,A,,A,,A,,A,,A,,A,,A,,A,,A
20204,04505532,13,0,1,620,D,1,D,09,D,6,D,,A,,A,,A,,A,,A,,A,,A,,A,,A,,A,,A
20204,04505532,14,0,1,620,D,1,D,10,D,6,D,,A,,A,,A,,A,,A,,A,,A,,A,,A,,A,,A
20204,04505542,8,0,2,420,D,1,D,09,D,30,D,,A,,A,,A,,A,,A,,A,,A,,A,,A,,A,,A
20204,04506012,8,0,1,420,D,1,D,10,D,100,D,,A,,A,,A,,A,,A,,A,,A,,A,,A,,A,,A
20204,04510192,12,0,1,420,D,1,D,11,D,110,D,,A,,A,,A,,A,,A,,A,,A,,A,,A,,A,,A
20204,04512022,26,0,1,330,D,1,D,09,D,695,D,,A,,A,,A,,A,,A,,A,,A,,A,,A,,A,,A
20204,04512022,27,0,2,330,D,1,D,09,D,695,D,,A,,A,,A,,A,,A,,A,,A,,A,,A,,A,,A
20204,04513662,12,0,1,200,D,1,D,11,D,814,D,,A,,A,,A,,A,,A,,A,,A,,A,,A,,A,,A
20204,04513662,13,0,1,120,D,1,D,09,D,350,D,,A,,A,,A,,A,,A,,A,,A,,A,,A,,A,,A
20204,04513662,14,0,1,620,D,1,D,09,D,300,D,,A,,A,,A,,A,,A,,A,,A,,A,,A,,A,,A
20204,04513862,9,0,1,620,D,1,D,11,D,30,D,,A,,A,,A,,A,,A,,A,,A,,A,,A,,A,,A
20204,04513862,10,0,1,620,D,1,D,11,D,12,D,,A,,A,,A,,A,,A,,A,,A,,A,,A,,A,,A
20204,04546671,12,0,1,120,D,1,D,07,D,230,D,,A,,A,,A,,A,,A,,A,,A,,A,,A,,A,,A
20204,04548261,37,0,1,200,D,1,D,09,D,56,D,,A,,A,,A,,A,,A,,A,,A,,A,,A,,A,,A
20204,04548631,11,0,1,200,D,1,D,09,D,600,D,,A,,A,,A,,A,,A,,A,,A,,A,,A,,A,,A
20204,04549741,23,0,1,200,D,1,D,08,D,129,D,,A,,A,,A,,A,,A,,A,,A,,A,,A,,A,,A
20204,04551131,22,0,1,200,D,1,D,08,D,65,D,,A,,A,,A,,A,,A,,A,,A,,A,,A,,A,,A
20204,04552121,11,0,1,200,D,1,D,08,D,160,D,,A,,A,,A,,A,,A,,A,,A,,A,,A,,A,,A
20204,04555551,22,0,1,900,D,1,D,09,D,,H,420,D,510,D,620,D,330,D,,A,,A,,A,,A,,A,,A,,A
20204,04555551,22,1,1,420,D,1,D,09,D,2702,U,,A,,A,,A,,A,,A,,A,,A,,A,,A,,A,,A
20204,04555551,22,2,1,510,D,1,D,09,D,2322,U,,A,,A,,A,,A,,A,,A,,A,,A,,A,,A,,A
20204,04555551,22,3,1,620,D,1,D,09,D,1400,E,,A,,A,,A,,A,,A,,A,,A,,A,,A,,A,,A
20204,04555551,22,4,1,330,D,1,D,09,D,12421,U,,A,,A,,A,,A,,A,,A,,A,,A,,A,,A,,A
20204,04557131,16,0,1,420,D,1,D,10,D,125,D,,A,,A,,A,,A,,A,,A,,A,,A,,A,,A,,A
20204,04561461,20,0,1,200,D,1,D,10,D,33,D,,A,,A,,A,,A,,A,,A,,A,,A,,A,,A,,A
20204,04561631,9,0,1,200,D,1,D,10,D,50,D,,A,,A,,A,,A,,A,,A,,A,,A,,A,,A,,A
20204,04562981,7,0,1,620,D,1,D,08,D,3,D,,A,,A,,A,,A,,A,,A,,A,,A,,A,,A,,A
20204,04562981,8,0,1,620,D,1,D,09,D,3,D,,A,,A,,A,,A,,A,,A,,A,,A,,A,,A,,A
20204,04562981,9,0,1,620,D,1,D,10,D,3,D,,A,,A,,A,,A,,A,,A,,A,,A,,A,,A,,A
20204,04565231,16,0,1,330,D,1,D,08,D,100,D,,A,,A,,A,,A,,A,,A,,A,,A,,A,,A,,A
20204,04565231,17,0,1,330,D,1,D,09,D,100,D,,A,,A,,A,,A,,A,,A,,A,,A,,A,,A,,A
20204,04565231,18,0,1,330,D,1,D,10,D,100,D,,A,,A,,A,,A,,A,,A,,A,,A,,A,,A,,A
20204,04565481,7,0,1,200,D,1,D,10,D,2167,T,,A,,A,,A,,A,,A,,A,,A,,A,,A,,A,,A
20204,04566561,35,0,1,655,D,1,D,08,D,93,T,,A,,A,,A,,A,,A,,A,,A,,A,,A,1,D,,A
20204,04566561,36,0,1,655,D,1,D,10,D,93,T,,A,,A,,A,,A,,A,,A,,A,,A,,A,1,D,,A
20204,04567541,18,0,1,330,D,1,D,08,D,150,D,,A,,A,,A,,A,,A,,A,,A,,A,,A,,A,,A
20204,04567541,19,0,1,330,D,1,D,09,D,150,D,,A,,A,,A,,A,,A,,A,,A,,A,,A,,A,,A
20204,04567541,20,0,1,330,D,1,D,10,D,200,D,,A,,A,,A,,A,,A,,A,,A,,A,,A,,A,,A
20204,04567541,21,0,1,330,D,1,D,08,D,500,D,,A,,A,,A,,A,,A,,A,,A,,A,,A,,A,,A
20204,04567541,22,0,1,330,D,1,D,09,D,500,D,,A,,A,,A,,A,,A,,A,,A,,A,,A,,A,,A
20204,04567541,23,0,1,330,D,1,D,10,D,500,D,,A,,A,,A,,A,,A,,A,,A,,A,,A,,A,,A
20204,04567601,11,0,1,110,D,1,D,08,D,120,D,,A,,A,,A,,A,,A,,A,,A,,A,,A,,A,,A
20204,04567721,36,0,1,200,D,1,D,08,D,220,D,,A,,A,,A,,A,,A,,A,,A,,A,,A,,A,,A
20204,04567721,37,0,1,200,D,1,D,09,D,220,D,,A,,A,,A,,A,,A,,A,,A,,A,,A,,A,,A
20204,04567721,38,0,1,410,D,1,D,10,D,220,D,,A,,A,,A,,A,,A,,A,,A,,A,,A,,A,1,D
20204,04571761,20,0,1,200,D,1,D,11,D,500,D,,A,,A,,A,,A,,A,,A,,A,,A,,A,,A,,A
20204,04572862,11,0,1,620,D,1,D,11,D,15,D,,A,,A,,A,,A,,A,,A,,A,,A,,A,,A,,A
20204,04573161,7,0,1,200,D,1,D,10,D,800,D,,A,,A,,A,,A,,A,,A,,A,,A,,A,,A,,A
20204,04573801,12,0,1,200,D,1,D,11,D,729,D,,A,,A,,A,,A,,A,,A,,A,,A,,A,,A,,A
20204,04573801,13,0,1,200,D,1,D,11,D,729,D,,A,,A,,A,,A,,A,,A,,A,,A,,A,,A,,A
20204,04576041,52,0,1,110,D,1,D,09,D,100,D,,A,,A,,A,,A,,A,,A,,A,,A,,A,,A,,A
20204,04576041,53,0,1,120,D,1,D,09,D,200,D,,A,,A,,A,,A,,A,,A,,A,,A,,A,,A,,A
20204,04576041,54,0,1,200,D,1,D,09,D,99,D,,A,,A,,A,,A,,A,,A,,A,,A,,A,,A,,A
20204,04576041,55,0,1,410,D,1,D,10,D,120,D,,A,,A,,A,,A,,A,,A,,A,,A,,A,,A,2,D
20204,04576041,56,0,1,530,D,1,D,10,D,25,D,,A,,A,,A,,A,,A,,A,,A,,A,,A,,A,,A
20204,04577191,41,0,1,420,D,1,D,09,D,77,D,,A,,A,,A,,A,,A,,A,,A,,A,,A,,A,,A
20204,04577191,42,0,1,420,D,1,D,10,D,77,D,,A,,A,,A,,A,,A,,A,,A,,A,,A,,A,,A
20204,04577191,43,0,1,420,D,1,D,11,D,77,D,,A,,A,,A,,A,,A,,A,,A,,A,,A,,A,,A
20211,04379344,9,0,1,620,D,1,D,12,D,5,D,,A,,A,,A,,A,,A,,A,,A,,A,,A,,A,,A
20211,04381714,30,0,1,110,D,1,D,12,D,10,D,,A,,A,,A,,A,,A,,A,,A,,A,,A,,A,,A
20211,04381904,7,0,1,620,D,1,D,12,D,240,D,,A,,A,,A,,A,,A,,A,,A,,A,,A,,A,,A
20211,04383874,19,0,1,110,D,1,D,12,D,35,D,,A,,A,,A,,A,,A,,A,,A,,A,,A,,A,,A
20211,04384564,13,0,1,200,D,1,D,10,D,2167,T,,A,,A,,A,,A,,A,,A,,A,,A,,A,,A,,A
20211,04385394,27,0,1,620,D,1,D,10,D,20,D,,A,,A,,A,,A,,A,,A,,A,,A,,A,,A,,A
20211,04387704,24,0,1,410,D,1,D,12,D,450,D,,A,,A,,A,,A,,A,,A,,A,,A,,A,,A,1,D
20211,04388654,7,0,1,620,D,1,D,10,D,60,D,,A,,A,,A,,A,,A,,A,,A,,A,,A,,A,,A
20211,04388654,8,0,1,620,D,1,D,11,D,60,D,,A,,A,,A,,A,,A,,A,,A,,A,,A,,A,,A
20211,04388654,9,0,1,620,D,1,D,12,D,60,D,,A,,A,,A,,A,,A,,A,,A,,A,,A,,A,,A
20211,04388654,10,0,1,620,D,1,D,10,D,20,D,,A,,A,,A,,A,,A,,A,,A,,A,,A,,A,,A
20211,04391454,22,0,1,120,D,1,D,11,D,350,D,,A,,A,,A,,A,,A,,A,,A,,A,,A,,A,,A
20211,04392514,27,0,1,620,D,1,D,01,D,4000,D,,A,,A,,A,,A,,A,,A,,A,,A,,A,,A,,A
20211,04393674,36,0,1,620,D,1,D,11,D,120,D,,A,,A,,A,,A,,A,,A,,A,,A,,A,,A,,A
20211,04394204,16,0,2,410,D,1,D,11,D,437,D,,A,,A,,A,,A,,A,,A,,A,,A,,A,,A,1,D
20211,04394404,8,0,2,510,D,1,D,11,D,90,D,,A,,A,,A,,A,,A,,A,,A,,A,,A,,A,,A
20211,04394974,24,0,1,420,D,1,D,12,D,500,D,,A,,A,,A,,A,,A,,A,,A,,A,,A,,A,,A
20211,04397044,27,0,2,620,D,1,D,11,D,28,D,,A,,A,,A,,A,,A,,A,,A,,A,,A,,A,,A
20211,04397484,21,0,2,410,D,1,D,11,D,13,D,,A,,A,,A,,A,,A,,A,,A,,A,,A,,A,2,D
20211,04398084,12,0,1,330,D,1,D,01,D,50,D,,A,,A,,A,,A,,A,,A,,A,,A,,A,,A,,A
20211,04398084,13,0,2,330,D,1,D,11,D,50,D,,A,,A,,A,,A,,A,,A,,A,,A,,A,,A,,A
20211,04399724,17,0,2,410,D,1,D,11,D,110,D,,A,,A,,A,,A,,A,,A,,A,,A,,A,,A,1,D
20211,04400884,16,0,2,200,D,1,D,11,D,150,D,,A,,A,,A,,A,,A,,A,,A,,A,,A,,A,,A
20211,04401104,8,0,1,620,D,1,D,12,D,30,D,,A,,A,,A,,A,,A,,A,,A,,A,,A,,A,,A
20211,04401554,22,0,1,620,D,1,D,11,D,569,D,,A,,A,,A,,A,,A,,A,,A,,A,,A,,A,,A
20211,04401554,23,0,1,620,D,1,D,12,D,276,D,,A,,A,,A,,A,,A,,A,,A,,A,,A,,A,,A
20211,04401554,24,0,1,620,D,1,D,01,D,2005,D,,A,,A,,A,,A,,A,,A,,A,,A,,A,,A,,A
20211,04401854,14,0,1,620,D,1,D,12,D,25,D,,A,,A,,A,,A,,A,,A,,A,,A,,A,,A,,A
20211,04405494,34,0,1,420,D,1,D,11,D,250,D,,A,,A,,A,,A,,A,,A,,A,,A,,A,,A,,A
20211,04407044,21,0,1,410,D,1,D,12,D,75,D,,A,,A,,A,,A,,A,,A,,A,,A,,A,,A,2,D
20211,04407044,22,0,1,410,D,1,D,01,D,75,D,,A,,A,,A,,A,,A,,A,,A,,A,,A,,A,2,D
20211,04407044,23,0,1,410,D,1,D,02,D,75,D,,A,,A,,A,,A,,A,,A,,A,,A,,A,,A,2,D
20211,04407574,14,0,1,200,D,1,D,02,D,450,D,,A,,A,,A,,A,,A,,A,,A,,A,,A,,A,,A
20211,04407574,15,0,1,620,D,1,D,02,D,174,D,,A,,A,,A,,A,,A,,A,,A,,A,,A,,A,,A
20211,04408374,29,0,1,620,D,1,D,01,D,75,D,,A,,A,,A,,A,,A,,A,,A,,A,,A,,A,,A
20211,04408374,30,0,1,620,D,1,D,02,D,75,D,,A,,A,,A,,A,,A,,A,,A,,A,,A,,A,,A
20211,04408374,31,0,1,620,D,1,D,12,D,75,D,,A,,A,,A,,A,,A,,A,,A,,A,,A,,A,,A
20211,04408374,32,0,2,620,D,1,D,12,D,75,D,,A,,A,,A,,A,,A,,A,,A,,A,,A,,A,,A
20211,04408824,25,0,1,655,D,1,D,02,D,35,D,,A,,A,,A,,A,,A,,A,,A,,A,,A,1,D,,A
20211,04414574,12,0,1,620,D,1,D,01,D,5,D,,A,,A,,A,,A,,A,,A,,A,,A,,A,,A,,A
20211,04414574,660,0,1,620,D,1,D,02,D,5,D,,A,,A,,A,,A,,A,,A,,A,,A,,A,,A,,A
20211,04417464,21,0,1,200,D,1,D,02,D,500,D,,A,,A,,A,,A,,A,,A,,A,,A,,A,,A,,A
20211,04422093,22,0,1,420,D,1,D,12,D,30,D,,A,,A,,A,,A,,A,,A,,A,,A,,A,,A,,A
20211,04422183,35,0,1,110,D,1,D,11,D,150,D,,A,,A,,A,,A,,A,,A,,A,,A,,A,,A,,A
20211,04423793,31,0,1,410,D,1,D,12,D,160,D,,A,,A,,A,,A,,A,,A,,A,,A,,A,,A,1,D
20211,04424573,19,0,1,200,D,1,D,10,D,400,D,,A,,A,,A,,A,,A,,A,,A,,A,,A,,A,,A
20211,04425133,10,0,1,620,D,1,D,12,D,40,D,,A,,A,,A,,A,,A,,A,,A,,A,,A,,A,,A
20211,04425373,36,0,1,420,D,1,D,11,D,40,D,,A,,A,,A,,A,,A,,A,,A,,A,,A,,A,,A
20211,04427273,19,0,1,510,D,1,D,12,D,190,D,,A,,A,,A,,A,,A,,A,,A,,A,,A,,A,,A
20211,04428643,9,0,2,900,D,1,D,10,D,,H,900,D,420,D,,A,,A,,A,,A,,A,,A,,A,,A,,A
20211,04428643,9,1,2,110,D,1,D,10,D,19,E,,A,,A,,A,,A,,A,,A,,A,,A,,A,,A,,A
20211,04428643,9,2,2,420,D,1,D,10,D,6,E,,A,,A,,A,,A,,A,,A,,A,,A,,A,,A,,A
20211,04461513,29,0,1,620,D,1,D,01,D,100,D,,A,,A,,A,,A,,A,,A,,A,,A,,A,,A,,A
20211,04461513,30,0,1,620,D,1,D,12,D,100,D,,A,,A,,A,,A,,A,,A,,A,,A,,A,,A,,A
20211,04461513,31,0,1,620,D,1,D,11,D,100,D,,A,,A,,A,,A,,A,,A,,A,,A,,A,,A,,A
20211,04461813,48,0,1,410,D,1,D,12,D,160,D,,A,,A,,A,,A,,A,,A,,A,,A,,A,,A,1,D
20211,04461813,49,0,1,410,D,1,D,01,D,160,D,,A,,A,,A,,A,,A,,A,,A,,A,,A,,A,1,D
20211,04462383,36,0,1,620,D,1,D,01,D,40,D,,A,,A,,A,,A,,A,,A,,A,,A,,A,,A,,A
20211,04462383,37,0,1,620,D,1,D,11,D,40,D,,A,,A,,A,,A,,A,,A,,A,,A,,A,,A,,A
20211,04462383,38,0,1,620,D,1,D,12,D,40,D,,A,,A,,A,,A,,A,,A,,A,,A,,A,,A,,A
20211,04463393,12,0,1,410,D,1,D,11,D,100,D,,A,,A,,A,,A,,A,,A,,A,,A,,A,,A,1,D
20211,04463463,11,0,1,620,D,1,D,11,D,200,D,,A,,A,,A,,A,,A,,A,,A,,A,,A,,A,,A
20211,04463713,16,0,1,420,D,1,D,11,D,15,D,,A,,A,,A,,A,,A,,A,,A,,A,,A,,A,,A
20211,04464993,30,0,1,420,D,1,D,01,D,550,D,,A,,A,,A,,A,,A,,A,,A,,A,,A,,A,,A
20211,04465363,42,0,1,420,D,1,D,01,D,50,D,,A,,A,,A,,A,,A,,A,,A,,A,,A,,A,,A
20211,04466323,35,0,2,620,D,1,D,11,D,48,D,,A,,A,,A,,A,,A,,A,,A,,A,,A,,A,,A
20211,04466873,11,0,1,620,D,1,D,01,D,40,D,,A,,A,,A,,A,,A,,A,,A,,A,,A,,A,,A
20211,04467803,19,0,1,420,D,1,D,12,D,25,D,,A,,A,,A,,A,,A,,A,,A,,A,,A,,A,,A
20211,04468694,20,0,1,635,D,1,D,11,D,,T,,A,,A,,A,,A,,A,,A,,A,,A,,A,1,D,,A
20211,04468753,20,0,1,410,D,1,D,11,D,335,D,,A,,A,,A,,A,,A,,A,,A,,A,,A,,A,1,D
20211,04468753,21,0,1,410,D,1,D,12,D,335,D,,A,,A,,A,,A,,A,,A,,A,,A,,A,,A,1,D
20211,04468753,22,0,1,410,D,1,D,01,D,335,D,,A,,A,,A,,A,,A,,A,,A,,A,,A,,A,1,D
20211,04469983,39,0,1,200,D,1,D,11,D,69,D,,A,,A,,A,,A,,A,,A,,A,,A,,A,,A,,A
20211,04469983,40,0,1,200,D,1,D,12,D,69,D,,A,,A,,A,,A,,A,,A,,A,,A,,A,,A,,A
20211,04469983,41,0,1,200,D,1,D,01,D,69,D,,A,,A,,A,,A,,A,,A,,A,,A,,A,,A,,A
20211,04470263,10,0,1,330,D,1,D,12,D,50,D,,A,,A,,A,,A,,A,,A,,A,,A,,A,,A,,A
20211,04470533,25,0,1,530,D,1,D,11,D,50,T,,A,,A,,A,,A,,A,,A,,A,,A,,A,,A,,A
20211,04472153,24,0,1,420,D,1,D,01,D,30,D,,A,,A,,A,,A,,A,,A,,A,,A,,A,,A,,A
20211,04503083,18,0,1,420,D,1,D,02,D,10,D,,A,,A,,A,,A,,A,,A,,A,,A,,A,,A,,A
20211,04505533,11,0,2,620,D,1,D,12,D,6,D,,A,,A,,A,,A,,A,,A,,A,,A,,A,,A,,A
20211,04514303,13,0,1,420,D,1,D,01,D,115,D,,A,,A,,A,,A,,A,,A,,A,,A,,A,,A,,A
20211,04545182,36,0,1,120,D,1,D,12,D,240,D,,A,,A,,A,,A,,A,,A,,A,,A,,A,,A,,A
20211,04545182,37,0,1,120,D,1,D,12,D,240,D,,A,,A,,A,,A,,A,,A,,A,,A,,A,,A,,A
20211,04545682,10,0,1,620,D,1,D,10,D,539,F,,A,,A,,A,,A,,A,,A,,A,,A,,A,,A,,A
20211,04545902,13,0,1,900,D,1,D,11,D,,H,530,D,620,D,,A,,A,,A,,A,,A,,A,,A,,A,,A
20211,04545902,13,1,1,530,D,1,D,11,D,20,E,,A,,A,,A,,A,,A,,A,,A,,A,,A,,A,,A
20211,04545902,13,2,1,620,D,1,D,11,D,30,E,,A,,A,,A,,A,,A,,A,,A,,A,,A,,A,,A
20211,04548082,16,0,1,420,D,1,D,12,D,500,D,,A,,A,,A,,A,,A,,A,,A,,A,,A,,A,,A
20211,04549182,11,0,1,200,D,1,D,12,D,25,D,,A,,A,,A,,A,,A,,A,,A,,A,,A,,A,,A
20211,04550082,9,0,1,420,D,1,D,11,D,10,D,,A,,A,,A,,A,,A,,A,,A,,A,,A,,A,,A
20211,04552162,12,0,1,200,D,1,D,11,D,45,D,,A,,A,,A,,A,,A,,A,,A,,A,,A,,A,,A
20211,04553042,49,0,1,200,D,2,D,12,D,115,D,,A,,A,,A,,A,,A,,A,,A,,A,,A,,A,,A
20211,04553512,8,0,1,620,D,1,D,11,D,90,D,,A,,A,,A,,A,,A,,A,,A,,A,,A,,A,,A
20211,04556672,10,0,1,620,D,1,D,01,D,45,D,,A,,A,,A,,A,,A,,A,,A,,A,,A,,A,,A
20211,04557262,16,0,1,420,D,1,D,12,D,50,D,,A,,A,,A,,A,,A,,A,,A,,A,,A,,A,,A
20211,04561462,19,0,1,120,D,1,D,12,D,620,D,,A,,A,,A,,A,,A,,A,,A,,A,,A,,A,,A
20211,04561632,13,0,1,200,D,1,D,01,D,500,D,,A,,A,,A,,A,,A,,A,,A,,A,,A,,A,,A
20211,04565734,22,0,1,510,D,1,D,11,D,100,D,,A,,A,,A,,A,,A,,A,,A,,A,,A,,A,,A
20211,04566172,39,0,1,120,D,1,D,12,D,140,D,,A,,A,,A,,A,,A,,A,,A,,A,,A,,A,,A
20211,04567542,20,0,2,330,D,1,D,11,D,900,D,,A,,A,,A,,A,,A,,A,,A,,A,,A,,A,,A
20211,04567722,31,0,2,200,D,1,D,11,D,220,D,,A,,A,,A,,A,,A,,A,,A,,A,,A,,A,,A
20211,04567992,33,0,2,420,D,1,D,12,D,150,D,,A,,A,,A,,A,,A,,A,,A,,A,,A,,A,,A
20211,04568642,7,0,1,110,D,1,D,01,D,100,D,,A,,A,,A,,A,,A,,A,,A,,A,,A,,A,,A
20211,04569042,15,0,1,420,D,1,D,01,D,200,D,,A,,A,,A,,A,,A,,A,,A,,A,,A,,A,,A
20211,04573162,8,0,1,200,D,1,D,01,D,200,D,,A,,A,,A,,A,,A,,A,,A,,A,,A,,A,,A
20211,04574162,12,0,1,620,D,1,D,01,D,720,D,,A,,A,,A,,A,,A,,A,,A,,A,,A,,A,,A
20211,04576092,14,0,1,410,D,1,D,02,D,100,D,,A,,A,,A,,A,,A,,A,,A,,A,,A,,A,1,D
20211,04577032,14,0,1,200,D,1,D,02,D,2167,T,,A,,A,,A,,A,,A,,A,,A,,A,,A,,A,,A
20211,04578872,23,0,1,110,D,1,D,01,D,300,D,,A,,A,,A,,A,,A,,A,,A,,A,,A,,A,,A
20211,04579362,12,0,1,620,D,1,D,12,D,35,D,,A,,A,,A,,A,,A,,A,,A,,A,,A,,A,,A
20211,04579362,13,0,1,620,D,1,D,01,D,35,D,,A,,A,,A,,A,,A,,A,,A,,A,,A,,A,,A
20211,04610421,7,0,1,420,D,1,D,10,D,145,D,,A,,A,,A,,A,,A,,A,,A,,A,,A,,A,,A
20211,04610431,3,0,1,620,D,1,D,12,D,12,D,,A,,A,,A,,A,,A,,A,,A,,A,,A,,A,,A
20211,04615081,16,0,1,200,D,1,D,10,D,150,D,,A,,A,,A,,A,,A,,A,,A,,A,,A,,A,,A
20211,04617121,11,0,1,410,D,1,D,12,D,3114,T,,A,,A,,A,,A,,A,,A,,A,,A,,A,,A,1,D
20211,04653041,20,0,1,200,D,1,D,01,D,2167,T,,A,,A,,A,,A,,A,,A,,A,,A,,A,,A,,A
20211,04653111,5,0,1,200,D,1,D,11,D,2167,T,,A,,A,,A,,A,,A,,A,,A,,A,,A,,A,,A
20211,04653541,18,0,1,510,D,1,D,01,D,27,D,,A,,A,,A,,A,,A,,A,,A,,A,,A,,A,,A
20211,04655191,14,0,1,420,D,1,D,01,D,373,D,,A,,A,,A,,A,,A,,A,,A,,A,,A,,A,,A
20211,04655751,24,0,1,110,D,1,D,12,D,115,D,,A,,A,,A,,A,,A,,A,,A,,A,,A,,A,,A
20211,04658741,15,0,1,200,D,1,D,01,D,60,D,,A,,A,,A,,A,,A,,A,,A,,A,,A,,A,,A
20211,04659001,25,0,1,620,D,1,D,01,D,3000,D,,A,,A,,A,,A,,A,,A,,A,,A,,A,,A,,A
20211,04662001,14,0,1,110,D,1,D,01,D,300,D,,A,,A,,A,,A,,A,,A,,A,,A,,A,,A,,A
20211,04681761,18,0,1,635,D,1,D,02,D,,T,,A,,A,,A,,A,,A,,A,,A,,A,,A,1,D,,A
20211,04682831,8,0,1,420,D,1,D,02,D,50,D,,A,,A,,A,,A,,A,,A,,A,,A,,A,,A,,A
20211,04683091,33,0,1,420,D,1,D,12,D,15,D,,A,,A,,A,,A,,A,,A,,A,,A,,A,,A,,A
20211,04683261,7,0,1,420,D,1,D,02,D,109,D,,A,,A,,A,,A,,A,,A,,A,,A,,A,,A,,A
20211,04683401,22,0,1,120,D,1,D,01,D,400,D,,A,,A,,A,,A,,A,,A,,A,,A,,A,,A,,A
20211,04683401,23,0,1,200,D,1,D,02,D,600,D,,A,,A,,A,,A,,A,,A,,A,,A,,A,,A,,A
20211,04684381,22,0,1,420,D,1,D,12,D,2702,T,,A,,A,,A,,A,,A,,A,,A,,A,,A,,A,,A
